Personal Pronouns,Demonstrative Pronouns,Quidam,Reflexive Pronouns,Iste,Alius,Ipse,Idem,Priusquam,Antequam,Quominus,Dum,Quin,Ut,Conditionals,Prepositions,Interrogative Sentences,Superlatives,Atque + consonant,Relative Clauses,Mean Length Relative Clauses,Gerunds and Gerundives,Cum,Conjunctions,Vocatives,Mean Sentence Length,Characters,Words,Corpus Name,Sentences,Type
0.00035,0.00427,0.00088,0.00065,0.00002,0.00050,0.00020,0.00060,0.00000,0.00002,0.00000,0.00017,0.00002,0.00201,0.00050,0.00393,0.00004,0.00039,0.00020,0.00457,,0.00024,0.00058,0.01241,0.00000,200.25373,53668,8479,Ammianus Rerum Gestarum Part 14,268,
,,,,,,,,,,,,,,,,,,,,,,,,,,,,Ammianus Rerum Gestarum Part 15,,
,,,,,,,,,,,,,,,,,,,,,,,,,,,,Ammianus Rerum Gestarum Part 16,,
,,,,,,,,,,,,,,,,,,,,,,,,,,,,Ammianus Rerum Gestarum Part 17,,
,,,,,,,,,,,,,,,,,,,,,,,,,,,,Ammianus Rerum Gestarum Part 18,,
,,,,,,,,,,,,,,,,,,,,,,,,,,,,Ammianus Rerum Gestarum Part 19,,
,,,,,,,,,,,,,,,,,,,,,,,,,,,,Ammianus Rerum Gestarum Part 20,,
,,,,,,,,,,,,,,,,,,,,,,,,,,,,Ammianus Rerum Gestarum Part 21,,
,,,,,,,,,,,,,,,,,,,,,,,,,,,,Ammianus Rerum Gestarum Part 22,,
,,,,,,,,,,,,,,,,,,,,,,,,,,,,Ammianus Rerum Gestarum Part 23,,
,,,,,,,,,,,,,,,,,,,,,,,,,,,,Ammianus Rerum Gestarum Part 24,,
,,,,,,,,,,,,,,,,,,,,,,,,,,,,Ammianus Rerum Gestarum Part 25,,
,,,,,,,,,,,,,,,,,,,,,,,,,,,,Ammianus Rerum Gestarum Part 26,,
,,,,,,,,,,,,,,,,,,,,,,,,,,,,Ammianus Rerum Gestarum Part 27,,
,,,,,,,,,,,,,,,,,,,,,,,,,,,,Ammianus Rerum Gestarum Part 28,,
,,,,,,,,,,,,,,,,,,,,,,,,,,,,Ammianus Rerum Gestarum Part 29,,
,,,,,,,,,,,,,,,,,,,,,,,,,,,,Ammianus Rerum Gestarum Part 30,,
,,,,,,,,,,,,,,,,,,,,,,,,,,,,Ammianus Rerum Gestarum Part 31,,
,,,,,,,,,,,,,,,,,,,,,,,,,,,,Anonymous Laudes Domini,,
,,,,,,,,,,,,,,,,,,,,,,,,,,,,Apuleius Apologia,,
,,,,,,,,,,,,,,,,,,,,,,,,,,,,Apuleius Florida,,
,,,,,,,,,,,,,,,,,,,,,,,,,,,,Apuleius Metamorphoses Part 1,,
,,,,,,,,,,,,,,,,,,,,,,,,,,,,Apuleius Metamorphoses Part 10,,
,,,,,,,,,,,,,,,,,,,,,,,,,,,,Apuleius Metamorphoses Part 11,,
,,,,,,,,,,,,,,,,,,,,,,,,,,,,Apuleius Metamorphoses Part 2,,
,,,,,,,,,,,,,,,,,,,,,,,,,,,,Apuleius Metamorphoses Part 3,,
,,,,,,,,,,,,,,,,,,,,,,,,,,,,Apuleius Metamorphoses Part 4,,
,,,,,,,,,,,,,,,,,,,,,,,,,,,,Apuleius Metamorphoses Part 5,,
,,,,,,,,,,,,,,,,,,,,,,,,,,,,Apuleius Metamorphoses Part 6,,
,,,,,,,,,,,,,,,,,,,,,,,,,,,,Apuleius Metamorphoses Part 7,,
,,,,,,,,,,,,,,,,,,,,,,,,,,,,Apuleius Metamorphoses Part 8,,
,,,,,,,,,,,,,,,,,,,,,,,,,,,,Apuleius Metamorphoses Part 9,,
,,,,,,,,,,,,,,,,,,,,,,,,,,,,Augustine Epistulae Selections Part 1 1-10,,
,,,,,,,,,,,,,,,,,,,,,,,,,,,,Augustine Epistulae Selections Part 2 11-20,,
,,,,,,,,,,,,,,,,,,,,,,,,,,,,Augustine Epistulae Selections Part 3 21-30,,
,,,,,,,,,,,,,,,,,,,,,,,,,,,,Augustine Epistulae Selections Part 4 31-40,,
,,,,,,,,,,,,,,,,,,,,,,,,,,,,Augustine Epistulae Selections Part 5 41-50,,
,,,,,,,,,,,,,,,,,,,,,,,,,,,,Augustine Epistulae Selections Part 6 51-62,,
,,,,,,,,,,,,,,,,,,,,,,,,,,,,Caesar Augustus Res Gestae Divi Augusti,,
,,,,,,,,,,,,,,,,,,,,,,,,,,,,Caesar De Bello Civili Part 1,,
,,,,,,,,,,,,,,,,,,,,,,,,,,,,Caesar De Bello Civili Part 2,,
,,,,,,,,,,,,,,,,,,,,,,,,,,,,Caesar De Bello Civili Part 3,,
,,,,,,,,,,,,,,,,,,,,,,,,,,,,Caesar De Bello Gallico Part 1,,
,,,,,,,,,,,,,,,,,,,,,,,,,,,,Caesar De Bello Gallico Part 2,,
,,,,,,,,,,,,,,,,,,,,,,,,,,,,Caesar De Bello Gallico Part 3,,
,,,,,,,,,,,,,,,,,,,,,,,,,,,,Caesar De Bello Gallico Part 4,,
,,,,,,,,,,,,,,,,,,,,,,,,,,,,Caesar De Bello Gallico Part 5,,
,,,,,,,,,,,,,,,,,,,,,,,,,,,,Caesar De Bello Gallico Part 6,,
,,,,,,,,,,,,,,,,,,,,,,,,,,,,Caesar De Bello Gallico Part 7,,
,,,,,,,,,,,,,,,,,,,,,,,,,,,,Caesar De Bello Gallico Part 8,,
,,,,,,,,,,,,,,,,,,,,,,,,,,,,Catullus Elegy,,
,,,,,,,,,,,,,,,,,,,,,,,,,,,,Catullus Epic,,
,,,,,,,,,,,,,,,,,,,,,,,,,,,,Catullus Misc,,
,,,,,,,,,,,,,,,,,,,,,,,,,,,,Celsus De Medicina Part 1,,
,,,,,,,,,,,,,,,,,,,,,,,,,,,,Celsus De Medicina Part 2,,
,,,,,,,,,,,,,,,,,,,,,,,,,,,,Celsus De Medicina Part 3,,
,,,,,,,,,,,,,,,,,,,,,,,,,,,,Celsus De Medicina Part 4,,
,,,,,,,,,,,,,,,,,,,,,,,,,,,,Celsus De Medicina Part 5,,
,,,,,,,,,,,,,,,,,,,,,,,,,,,,Celsus De Medicina Part 6,,
,,,,,,,,,,,,,,,,,,,,,,,,,,,,Celsus De Medicina Part 7,,
,,,,,,,,,,,,,,,,,,,,,,,,,,,,Celsus De Medicina Part 8,,
,,,,,,,,,,,,,,,,,,,,,,,,,,,,Cicero Academica,,
,,,,,,,,,,,,,,,,,,,,,,,,,,,,Cicero Brutus,,
,,,,,,,,,,,,,,,,,,,,,,,,,,,,Cicero Cum Populo Gratias Egit,,
,,,,,,,,,,,,,,,,,,,,,,,,,,,,Cicero De Amicitia,,
,,,,,,,,,,,,,,,,,,,,,,,,,,,,Cicero De Divinatione,,
,,,,,,,,,,,,,,,,,,,,,,,,,,,,Cicero De Domo Sua,,
,,,,,,,,,,,,,,,,,,,,,,,,,,,,Cicero De Fato,,
,,,,,,,,,,,,,,,,,,,,,,,,,,,,Cicero De Finibus Bonorum Et Malorum Part 1,,
,,,,,,,,,,,,,,,,,,,,,,,,,,,,Cicero De Finibus Bonorum Et Malorum Part 2,,
,,,,,,,,,,,,,,,,,,,,,,,,,,,,Cicero De Finibus Bonorum Et Malorum Part 3,,
,,,,,,,,,,,,,,,,,,,,,,,,,,,,Cicero De Finibus Bonorum Et Malorum Part 4,,
,,,,,,,,,,,,,,,,,,,,,,,,,,,,Cicero De Finibus Bonorum Et Malorum Part 5,,
,,,,,,,,,,,,,,,,,,,,,,,,,,,,Cicero De Haruspicum Responso,,
,,,,,,,,,,,,,,,,,,,,,,,,,,,,Cicero De Imperio Cn Pompei,,
,,,,,,,,,,,,,,,,,,,,,,,,,,,,Cicero De Inventione Part 1,,
,,,,,,,,,,,,,,,,,,,,,,,,,,,,Cicero De Inventione Part 2,,
,,,,,,,,,,,,,,,,,,,,,,,,,,,,Cicero De Lege Agraria Contra Rullum,,
,,,,,,,,,,,,,,,,,,,,,,,,,,,,Cicero De Natura Deorum Part 1,,
,,,,,,,,,,,,,,,,,,,,,,,,,,,,Cicero De Natura Deorum Part 2,,
,,,,,,,,,,,,,,,,,,,,,,,,,,,,Cicero De Natura Deorum Part 3,,
,,,,,,,,,,,,,,,,,,,,,,,,,,,,Cicero De Officiis Part 1,,
,,,,,,,,,,,,,,,,,,,,,,,,,,,,Cicero De Officiis Part 2,,
,,,,,,,,,,,,,,,,,,,,,,,,,,,,Cicero De Officiis Part 3,,
,,,,,,,,,,,,,,,,,,,,,,,,,,,,Cicero De Optimo Genere Oratorum,,
,,,,,,,,,,,,,,,,,,,,,,,,,,,,Cicero De Oratore Part 1,,
,,,,,,,,,,,,,,,,,,,,,,,,,,,,Cicero De Oratore Part 2,,
,,,,,,,,,,,,,,,,,,,,,,,,,,,,Cicero De Oratore Part 3,,
,,,,,,,,,,,,,,,,,,,,,,,,,,,,Cicero De Partitione Oratoria,,
,,,,,,,,,,,,,,,,,,,,,,,,,,,,Cicero De Provinciis Consularibus,,
,,,,,,,,,,,,,,,,,,,,,,,,,,,,Cicero De Republica,,
,,,,,,,,,,,,,,,,,,,,,,,,,,,,Cicero De Senectute,,
,,,,,,,,,,,,,,,,,,,,,,,,,,,,Cicero Divinatio In C Verrem Part 1,,
,,,,,,,,,,,,,,,,,,,,,,,,,,,,Cicero Divinatio In C Verrem Part 2,,
,,,,,,,,,,,,,,,,,,,,,,,,,,,,Cicero Divinatio In C Verrem Part 3,,
,,,,,,,,,,,,,,,,,,,,,,,,,,,,Cicero Divinatio In C Verrem Part 4,,
,,,,,,,,,,,,,,,,,,,,,,,,,,,,Cicero Divinatio In C Verrem Part 5,,
,,,,,,,,,,,,,,,,,,,,,,,,,,,,Cicero Divinatio In C Verrem Part 6,,
,,,,,,,,,,,,,,,,,,,,,,,,,,,,Cicero Divinatio In Q Caecilium,,
,,,,,,,,,,,,,,,,,,,,,,,,,,,,Cicero Epistulae Ad Familiares Part 1 Ad Lentulum,,
,,,,,,,,,,,,,,,,,,,,,,,,,,,,Cicero Epistulae Ad Familiares Part 10 Ad Plancum Et Ceteros,,
,,,,,,,,,,,,,,,,,,,,,,,,,,,,Cicero Epistulae Ad Familiares Part 11 At Brutum Et Ceteros,,
,,,,,,,,,,,,,,,,,,,,,,,,,,,,Cicero Epistulae Ad Familiares Part 12 Ad Cassium Et Ceteros,,
,,,,,,,,,,,,,,,,,,,,,,,,,,,,Cicero Epistulae Ad Familiares Part 13 Ad Memmium Et Ceteros,,
,,,,,,,,,,,,,,,,,,,,,,,,,,,,Cicero Epistulae Ad Familiares Part 14 Ad Terentiam Uxorem,,
,,,,,,,,,,,,,,,,,,,,,,,,,,,,Cicero Epistulae Ad Familiares Part 15 Ad Senatum Et Ceteros,,
,,,,,,,,,,,,,,,,,,,,,,,,,,,,Cicero Epistulae Ad Familiares Part 16 Ad Tironem,,
,,,,,,,,,,,,,,,,,,,,,,,,,,,,Cicero Epistulae Ad Familiares Part 2 Ad Curionem Et Ceteros,,
,,,,,,,,,,,,,,,,,,,,,,,,,,,,Cicero Epistulae Ad Familiares Part 3 Ad Claudium Pulchrum,,
,,,,,,,,,,,,,,,,,,,,,,,,,,,,Cicero Epistulae Ad Familiares Part 4 Ad Sulpicium Et Ceteros,,
,,,,,,,,,,,,,,,,,,,,,,,,,,,,Cicero Epistulae Ad Familiares Part 5 Ad Metellum Et Ceteros,,
,,,,,,,,,,,,,,,,,,,,,,,,,,,,Cicero Epistulae Ad Familiares Part 6 Ad Torquatum Et Ceteros,,
,,,,,,,,,,,,,,,,,,,,,,,,,,,,Cicero Epistulae Ad Familiares Part 7 Ad Marium Et Ceteros,,
,,,,,,,,,,,,,,,,,,,,,,,,,,,,Cicero Epistulae Ad Familiares Part 8 Caeli Epistulae Ad Ciceronem,,
,,,,,,,,,,,,,,,,,,,,,,,,,,,,Cicero Epistulae Ad Familiares Part 9 Ad Varronem Et Ceteros,,
,,,,,,,,,,,,,,,,,,,,,,,,,,,,Cicero In Catilinam,,
,,,,,,,,,,,,,,,,,,,,,,,,,,,,Cicero In L Pisonem,,
,,,,,,,,,,,,,,,,,,,,,,,,,,,,Cicero In Vatinium,,
,,,,,,,,,,,,,,,,,,,,,,,,,,,,Cicero Letters To Atticus Part 1,,
,,,,,,,,,,,,,,,,,,,,,,,,,,,,Cicero Letters To Atticus Part 10,,
,,,,,,,,,,,,,,,,,,,,,,,,,,,,Cicero Letters To Atticus Part 11,,
,,,,,,,,,,,,,,,,,,,,,,,,,,,,Cicero Letters To Atticus Part 12,,
,,,,,,,,,,,,,,,,,,,,,,,,,,,,Cicero Letters To Atticus Part 13,,
,,,,,,,,,,,,,,,,,,,,,,,,,,,,Cicero Letters To Atticus Part 14,,
,,,,,,,,,,,,,,,,,,,,,,,,,,,,Cicero Letters To Atticus Part 15,,
,,,,,,,,,,,,,,,,,,,,,,,,,,,,Cicero Letters To Atticus Part 16,,
,,,,,,,,,,,,,,,,,,,,,,,,,,,,Cicero Letters To Atticus Part 2,,
,,,,,,,,,,,,,,,,,,,,,,,,,,,,Cicero Letters To Atticus Part 3,,
,,,,,,,,,,,,,,,,,,,,,,,,,,,,Cicero Letters To Atticus Part 4,,
,,,,,,,,,,,,,,,,,,,,,,,,,,,,Cicero Letters To Atticus Part 5,,
,,,,,,,,,,,,,,,,,,,,,,,,,,,,Cicero Letters To Atticus Part 6,,
,,,,,,,,,,,,,,,,,,,,,,,,,,,,Cicero Letters To Atticus Part 7,,
,,,,,,,,,,,,,,,,,,,,,,,,,,,,Cicero Letters To Atticus Part 8,,
,,,,,,,,,,,,,,,,,,,,,,,,,,,,Cicero Letters To Atticus Part 9,,
,,,,,,,,,,,,,,,,,,,,,,,,,,,,Cicero Letters To Brutus,,
,,,,,,,,,,,,,,,,,,,,,,,,,,,,Cicero Letters To Quintus,,
,,,,,,,,,,,,,,,,,,,,,,,,,,,,Cicero Lucullus,,
,,,,,,,,,,,,,,,,,,,,,,,,,,,,Cicero Orator,,
,,,,,,,,,,,,,,,,,,,,,,,,,,,,Cicero Paradoxa Stoicorum Ad M Brutum,,
,,,,,,,,,,,,,,,,,,,,,,,,,,,,Cicero Philippicae Part 1,,
,,,,,,,,,,,,,,,,,,,,,,,,,,,,Cicero Philippicae Part 10,,
,,,,,,,,,,,,,,,,,,,,,,,,,,,,Cicero Philippicae Part 11,,
,,,,,,,,,,,,,,,,,,,,,,,,,,,,Cicero Philippicae Part 12,,
,,,,,,,,,,,,,,,,,,,,,,,,,,,,Cicero Philippicae Part 13,,
,,,,,,,,,,,,,,,,,,,,,,,,,,,,Cicero Philippicae Part 14,,
,,,,,,,,,,,,,,,,,,,,,,,,,,,,Cicero Philippicae Part 2,,
,,,,,,,,,,,,,,,,,,,,,,,,,,,,Cicero Philippicae Part 3,,
,,,,,,,,,,,,,,,,,,,,,,,,,,,,Cicero Philippicae Part 4,,
,,,,,,,,,,,,,,,,,,,,,,,,,,,,Cicero Philippicae Part 5,,
,,,,,,,,,,,,,,,,,,,,,,,,,,,,Cicero Philippicae Part 6,,
,,,,,,,,,,,,,,,,,,,,,,,,,,,,Cicero Philippicae Part 7,,
,,,,,,,,,,,,,,,,,,,,,,,,,,,,Cicero Philippicae Part 8,,
,,,,,,,,,,,,,,,,,,,,,,,,,,,,Cicero Philippicae Part 9,,
,,,,,,,,,,,,,,,,,,,,,,,,,,,,Cicero Post Reditum In Senatu,,
,,,,,,,,,,,,,,,,,,,,,,,,,,,,Cicero Pro A Caecina,,
,,,,,,,,,,,,,,,,,,,,,,,,,,,,Cicero Pro A Cluentio,,
,,,,,,,,,,,,,,,,,,,,,,,,,,,,Cicero Pro Archia,,
,,,,,,,,,,,,,,,,,,,,,,,,,,,,Cicero Pro Balbo,,
,,,,,,,,,,,,,,,,,,,,,,,,,,,,Cicero Pro C Rabirio,,
,,,,,,,,,,,,,,,,,,,,,,,,,,,,Cicero Pro C Rabirio Postumo,,
,,,,,,,,,,,,,,,,,,,,,,,,,,,,Cicero Pro Fonteio,,
,,,,,,,,,,,,,,,,,,,,,,,,,,,,Cicero Pro L Flacco,,
,,,,,,,,,,,,,,,,,,,,,,,,,,,,Cicero Pro Ligario,,
,,,,,,,,,,,,,,,,,,,,,,,,,,,,Cicero Pro M Caelio,,
,,,,,,,,,,,,,,,,,,,,,,,,,,,,Cicero Pro Marcello,,
,,,,,,,,,,,,,,,,,,,,,,,,,,,,Cicero Pro Milone,,
,,,,,,,,,,,,,,,,,,,,,,,,,,,,Cicero Pro Murena,,
,,,,,,,,,,,,,,,,,,,,,,,,,,,,Cicero Pro Plancio,,
,,,,,,,,,,,,,,,,,,,,,,,,,,,,Cicero Pro Publio Quinctio,,
,,,,,,,,,,,,,,,,,,,,,,,,,,,,Cicero Pro Q Roscio Comoedo,,
,,,,,,,,,,,,,,,,,,,,,,,,,,,,Cicero Pro Rege Deiotaro,,
,,,,,,,,,,,,,,,,,,,,,,,,,,,,Cicero Pro S Roscio,,
,,,,,,,,,,,,,,,,,,,,,,,,,,,,Cicero Pro Scauro,,
,,,,,,,,,,,,,,,,,,,,,,,,,,,,Cicero Pro Sestio,,
,,,,,,,,,,,,,,,,,,,,,,,,,,,,Cicero Pro Sulla,,
,,,,,,,,,,,,,,,,,,,,,,,,,,,,Cicero Pro Tullio,,
,,,,,,,,,,,,,,,,,,,,,,,,,,,,Cicero Timaeus,,
,,,,,,,,,,,,,,,,,,,,,,,,,,,,Cicero Topica,,
,,,,,,,,,,,,,,,,,,,,,,,,,,,,Cicero Tusculanae Disputationes Part 1,,
,,,,,,,,,,,,,,,,,,,,,,,,,,,,Cicero Tusculanae Disputationes Part 2,,
,,,,,,,,,,,,,,,,,,,,,,,,,,,,Cicero Tusculanae Disputationes Part 3,,
,,,,,,,,,,,,,,,,,,,,,,,,,,,,Cicero Tusculanae Disputationes Part 4,,
,,,,,,,,,,,,,,,,,,,,,,,,,,,,Cicero Tusculanae Disputationes Part 5,,
,,,,,,,,,,,,,,,,,,,,,,,,,,,,Claudian Carmina Minora,,
,,,,,,,,,,,,,,,,,,,,,,,,,,,,Claudian De Bello Gildonico,,
,,,,,,,,,,,,,,,,,,,,,,,,,,,,Claudian De Bello Gothico,,
,,,,,,,,,,,,,,,,,,,,,,,,,,,,Claudian De Consulatu Stilichonis Part 1,,
,,,,,,,,,,,,,,,,,,,,,,,,,,,,Claudian De Consulatu Stilichonis Part 2,,
,,,,,,,,,,,,,,,,,,,,,,,,,,,,Claudian De Consulatu Stilichonis Part 3,,
,,,,,,,,,,,,,,,,,,,,,,,,,,,,Claudian De Raptu Proserpinae Part 1,,
,,,,,,,,,,,,,,,,,,,,,,,,,,,,Claudian De Raptu Proserpinae Part 2,,
,,,,,,,,,,,,,,,,,,,,,,,,,,,,Claudian De Raptu Proserpinae Part 3,,
,,,,,,,,,,,,,,,,,,,,,,,,,,,,Claudian Epithalamium De Nuptiis Honorii Augusti,,
,,,,,,,,,,,,,,,,,,,,,,,,,,,,Claudian In Consulatum Olybrii Et Probini,,
,,,,,,,,,,,,,,,,,,,,,,,,,,,,Claudian In Eutropium Part 1,,
,,,,,,,,,,,,,,,,,,,,,,,,,,,,Claudian In Eutropium Part 2,,
,,,,,,,,,,,,,,,,,,,,,,,,,,,,Claudian In Rufinum Part 1,,
,,,,,,,,,,,,,,,,,,,,,,,,,,,,Claudian In Rufinum Part 2,,
,,,,,,,,,,,,,,,,,,,,,,,,,,,,Claudian Panegyricus De Quarto Consulatu Honorii Augusti,,
,,,,,,,,,,,,,,,,,,,,,,,,,,,,Claudian Panegyricus De Sexto Consulatu Honorii Augusti,,
,,,,,,,,,,,,,,,,,,,,,,,,,,,,Claudian Panegyricus De Tertio Consulatu Honorii Augusti,,
,,,,,,,,,,,,,,,,,,,,,,,,,,,,Claudian Panegyricus Dictus Manlio Theodoro Consuli,,
,,,,,,,,,,,,,,,,,,,,,,,,,,,,Columella De Re Rustica Part 1,,
,,,,,,,,,,,,,,,,,,,,,,,,,,,,Columella De Re Rustica Part 2,,
,,,,,,,,,,,,,,,,,,,,,,,,,,,,Columella De Re Rustica Part 3,,
,,,,,,,,,,,,,,,,,,,,,,,,,,,,Columella De Re Rustica Part 4,,
,,,,,,,,,,,,,,,,,,,,,,,,,,,,Columella De Re Rustica Part 5,,
,,,,,,,,,,,,,,,,,,,,,,,,,,,,Columella De Re Rustica Part 6,,
,,,,,,,,,,,,,,,,,,,,,,,,,,,,Columella De Re Rustica Part 7,,
,,,,,,,,,,,,,,,,,,,,,,,,,,,,Columella De Re Rustica Part 8,,
,,,,,,,,,,,,,,,,,,,,,,,,,,,,Columella De Re Rustica Part 9,,
,,,,,,,,,,,,,,,,,,,,,,,,,,,,Curtius Rufus Historiae Alexandri Magni Part 10,,
,,,,,,,,,,,,,,,,,,,,,,,,,,,,Curtius Rufus Historiae Alexandri Magni Part 3,,
,,,,,,,,,,,,,,,,,,,,,,,,,,,,Curtius Rufus Historiae Alexandri Magni Part 4,,
,,,,,,,,,,,,,,,,,,,,,,,,,,,,Curtius Rufus Historiae Alexandri Magni Part 5,,
,,,,,,,,,,,,,,,,,,,,,,,,,,,,Curtius Rufus Historiae Alexandri Magni Part 6,,
,,,,,,,,,,,,,,,,,,,,,,,,,,,,Curtius Rufus Historiae Alexandri Magni Part 7,,
,,,,,,,,,,,,,,,,,,,,,,,,,,,,Curtius Rufus Historiae Alexandri Magni Part 8,,
,,,,,,,,,,,,,,,,,,,,,,,,,,,,Curtius Rufus Historiae Alexandri Magni Part 9,,
,,,,,,,,,,,,,,,,,,,,,,,,,,,,Dracontius Romulea 10,,
,,,,,,,,,,,,,,,,,,,,,,,,,,,,Ennius Annales,,
,,,,,,,,,,,,,,,,,,,,,,,,,,,,Ennodius Opera,,
,,,,,,,,,,,,,,,,,,,,,,,,,,,,Florus Epitome Bellorum Omnium Annorum,,
,,,,,,,,,,,,,,,,,,,,,,,,,,,,Gellius Attic Nights Part 1,,
,,,,,,,,,,,,,,,,,,,,,,,,,,,,Gellius Attic Nights Part 10,,
,,,,,,,,,,,,,,,,,,,,,,,,,,,,Gellius Attic Nights Part 11,,
,,,,,,,,,,,,,,,,,,,,,,,,,,,,Gellius Attic Nights Part 12,,
,,,,,,,,,,,,,,,,,,,,,,,,,,,,Gellius Attic Nights Part 13,,
,,,,,,,,,,,,,,,,,,,,,,,,,,,,Gellius Attic Nights Part 14,,
,,,,,,,,,,,,,,,,,,,,,,,,,,,,Gellius Attic Nights Part 15,,
,,,,,,,,,,,,,,,,,,,,,,,,,,,,Gellius Attic Nights Part 16,,
,,,,,,,,,,,,,,,,,,,,,,,,,,,,Gellius Attic Nights Part 17,,
,,,,,,,,,,,,,,,,,,,,,,,,,,,,Gellius Attic Nights Part 18,,
,,,,,,,,,,,,,,,,,,,,,,,,,,,,Gellius Attic Nights Part 19,,
,,,,,,,,,,,,,,,,,,,,,,,,,,,,Gellius Attic Nights Part 2,,
,,,,,,,,,,,,,,,,,,,,,,,,,,,,Gellius Attic Nights Part 20,,
,,,,,,,,,,,,,,,,,,,,,,,,,,,,Gellius Attic Nights Part 3,,
,,,,,,,,,,,,,,,,,,,,,,,,,,,,Gellius Attic Nights Part 4,,
,,,,,,,,,,,,,,,,,,,,,,,,,,,,Gellius Attic Nights Part 5,,
,,,,,,,,,,,,,,,,,,,,,,,,,,,,Gellius Attic Nights Part 6,,
,,,,,,,,,,,,,,,,,,,,,,,,,,,,Gellius Attic Nights Part 7,,
,,,,,,,,,,,,,,,,,,,,,,,,,,,,Gellius Attic Nights Part 8,,
,,,,,,,,,,,,,,,,,,,,,,,,,,,,Gellius Attic Nights Part 9,,
,,,,,,,,,,,,,,,,,,,,,,,,,,,,Gellius Attic Nights Part Pr,,
,,,,,,,,,,,,,,,,,,,,,,,,,,,,Horace Ars Poetica,,
,,,,,,,,,,,,,,,,,,,,,,,,,,,,Horace Carmen Saeculare,,
,,,,,,,,,,,,,,,,,,,,,,,,,,,,Horace Epistles,,
,,,,,,,,,,,,,,,,,,,,,,,,,,,,Horace Epodes,,
,,,,,,,,,,,,,,,,,,,,,,,,,,,,Horace Odes Part 1,,
,,,,,,,,,,,,,,,,,,,,,,,,,,,,Horace Odes Part 2,,
,,,,,,,,,,,,,,,,,,,,,,,,,,,,Horace Odes Part 3,,
,,,,,,,,,,,,,,,,,,,,,,,,,,,,Horace Odes Part 4,,
,,,,,,,,,,,,,,,,,,,,,,,,,,,,Horace Satires Part 1,,
,,,,,,,,,,,,,,,,,,,,,,,,,,,,Horace Satires Part 2,,
,,,,,,,,,,,,,,,,,,,,,,,,,,,,Italicus Ilias Latina,,
,,,,,,,,,,,,,,,,,,,,,,,,,,,,Jerome Epistulae Selections,,
,,,,,,,,,,,,,,,,,,,,,,,,,,,,Juvenal Satires,,
,,,,,,,,,,,,,,,,,,,,,,,,,,,,Juvencus Historia Evangelica Part 1,,
,,,,,,,,,,,,,,,,,,,,,,,,,,,,Juvencus Historia Evangelica Part 2,,
,,,,,,,,,,,,,,,,,,,,,,,,,,,,Juvencus Historia Evangelica Part 3,,
,,,,,,,,,,,,,,,,,,,,,,,,,,,,Juvencus Historia Evangelica Part 4,,
,,,,,,,,,,,,,,,,,,,,,,,,,,,,Livy Ab Urbe Condita Part 1 Books 1-10,,
,,,,,,,,,,,,,,,,,,,,,,,,,,,,Livy Ab Urbe Condita Part 2 Books 21-30,,
,,,,,,,,,,,,,,,,,,,,,,,,,,,,Livy Ab Urbe Condita Part 3 Books 31-40,,
,,,,,,,,,,,,,,,,,,,,,,,,,,,,Livy Ab Urbe Condita Part 4 Books 41-45,,
,,,,,,,,,,,,,,,,,,,,,,,,,,,,Lucan Bellum Civile Part 1,,
,,,,,,,,,,,,,,,,,,,,,,,,,,,,Lucan Bellum Civile Part 10,,
,,,,,,,,,,,,,,,,,,,,,,,,,,,,Lucan Bellum Civile Part 2,,
,,,,,,,,,,,,,,,,,,,,,,,,,,,,Lucan Bellum Civile Part 3,,
,,,,,,,,,,,,,,,,,,,,,,,,,,,,Lucan Bellum Civile Part 4,,
,,,,,,,,,,,,,,,,,,,,,,,,,,,,Lucan Bellum Civile Part 5,,
,,,,,,,,,,,,,,,,,,,,,,,,,,,,Lucan Bellum Civile Part 6,,
,,,,,,,,,,,,,,,,,,,,,,,,,,,,Lucan Bellum Civile Part 7,,
,,,,,,,,,,,,,,,,,,,,,,,,,,,,Lucan Bellum Civile Part 8,,
,,,,,,,,,,,,,,,,,,,,,,,,,,,,Lucan Bellum Civile Part 9,,
,,,,,,,,,,,,,,,,,,,,,,,,,,,,Lucretius De Rerum Natura Part 1,,
,,,,,,,,,,,,,,,,,,,,,,,,,,,,Lucretius De Rerum Natura Part 2,,
,,,,,,,,,,,,,,,,,,,,,,,,,,,,Lucretius De Rerum Natura Part 3,,
,,,,,,,,,,,,,,,,,,,,,,,,,,,,Lucretius De Rerum Natura Part 4,,
,,,,,,,,,,,,,,,,,,,,,,,,,,,,Lucretius De Rerum Natura Part 5,,
,,,,,,,,,,,,,,,,,,,,,,,,,,,,Lucretius De Rerum Natura Part 6,,
,,,,,,,,,,,,,,,,,,,,,,,,,,,,Manilius Astronomicon Part 1,,
,,,,,,,,,,,,,,,,,,,,,,,,,,,,Manilius Astronomicon Part 2,,
,,,,,,,,,,,,,,,,,,,,,,,,,,,,Manilius Astronomicon Part 3,,
,,,,,,,,,,,,,,,,,,,,,,,,,,,,Manilius Astronomicon Part 4,,
,,,,,,,,,,,,,,,,,,,,,,,,,,,,Manilius Astronomicon Part 5,,
,,,,,,,,,,,,,,,,,,,,,,,,,,,,Marcus Mincuius Felix Octavius,,
,,,,,,,,,,,,,,,,,,,,,,,,,,,,Martial Epigrams Part 1,,
,,,,,,,,,,,,,,,,,,,,,,,,,,,,Martial Epigrams Part 10,,
,,,,,,,,,,,,,,,,,,,,,,,,,,,,Martial Epigrams Part 11,,
,,,,,,,,,,,,,,,,,,,,,,,,,,,,Martial Epigrams Part 12,,
,,,,,,,,,,,,,,,,,,,,,,,,,,,,Martial Epigrams Part 13,,
,,,,,,,,,,,,,,,,,,,,,,,,,,,,Martial Epigrams Part 14,,
,,,,,,,,,,,,,,,,,,,,,,,,,,,,Martial Epigrams Part 2,,
,,,,,,,,,,,,,,,,,,,,,,,,,,,,Martial Epigrams Part 3,,
,,,,,,,,,,,,,,,,,,,,,,,,,,,,Martial Epigrams Part 4,,
,,,,,,,,,,,,,,,,,,,,,,,,,,,,Martial Epigrams Part 5,,
,,,,,,,,,,,,,,,,,,,,,,,,,,,,Martial Epigrams Part 6,,
,,,,,,,,,,,,,,,,,,,,,,,,,,,,Martial Epigrams Part 7,,
,,,,,,,,,,,,,,,,,,,,,,,,,,,,Martial Epigrams Part 8,,
,,,,,,,,,,,,,,,,,,,,,,,,,,,,Martial Epigrams Part 9,,
,,,,,,,,,,,,,,,,,,,,,,,,,,,,Nepos Vitae,,
,,,,,,,,,,,,,,,,,,,,,,,,,,,,Ovid Amores Part 1,,
,,,,,,,,,,,,,,,,,,,,,,,,,,,,Ovid Amores Part 2,,
,,,,,,,,,,,,,,,,,,,,,,,,,,,,Ovid Amores Part 3,,
,,,,,,,,,,,,,,,,,,,,,,,,,,,,Ovid Ars Amatoria Part 1,,
,,,,,,,,,,,,,,,,,,,,,,,,,,,,Ovid Ars Amatoria Part 2,,
,,,,,,,,,,,,,,,,,,,,,,,,,,,,Ovid Ars Amatoria Part 3,,
,,,,,,,,,,,,,,,,,,,,,,,,,,,,Ovid Ex Ponto Part 1,,
,,,,,,,,,,,,,,,,,,,,,,,,,,,,Ovid Ex Ponto Part 2,,
,,,,,,,,,,,,,,,,,,,,,,,,,,,,Ovid Ex Ponto Part 3,,
,,,,,,,,,,,,,,,,,,,,,,,,,,,,Ovid Ex Ponto Part 4,,
,,,,,,,,,,,,,,,,,,,,,,,,,,,,Ovid Fasti Part 1,,
,,,,,,,,,,,,,,,,,,,,,,,,,,,,Ovid Fasti Part 2,,
,,,,,,,,,,,,,,,,,,,,,,,,,,,,Ovid Fasti Part 3,,
,,,,,,,,,,,,,,,,,,,,,,,,,,,,Ovid Fasti Part 4,,
,,,,,,,,,,,,,,,,,,,,,,,,,,,,Ovid Fasti Part 5,,
,,,,,,,,,,,,,,,,,,,,,,,,,,,,Ovid Fasti Part 6,,
,,,,,,,,,,,,,,,,,,,,,,,,,,,,Ovid Heroides,,
,,,,,,,,,,,,,,,,,,,,,,,,,,,,Ovid Ibis,,
,,,,,,,,,,,,,,,,,,,,,,,,,,,,Ovid Medicamina Faciei Femineae,,
,,,,,,,,,,,,,,,,,,,,,,,,,,,,Ovid Metamorphoses Part 1,,
,,,,,,,,,,,,,,,,,,,,,,,,,,,,Ovid Metamorphoses Part 10,,
,,,,,,,,,,,,,,,,,,,,,,,,,,,,Ovid Metamorphoses Part 11,,
,,,,,,,,,,,,,,,,,,,,,,,,,,,,Ovid Metamorphoses Part 12,,
,,,,,,,,,,,,,,,,,,,,,,,,,,,,Ovid Metamorphoses Part 13,,
,,,,,,,,,,,,,,,,,,,,,,,,,,,,Ovid Metamorphoses Part 14,,
,,,,,,,,,,,,,,,,,,,,,,,,,,,,Ovid Metamorphoses Part 15,,
,,,,,,,,,,,,,,,,,,,,,,,,,,,,Ovid Metamorphoses Part 2,,
,,,,,,,,,,,,,,,,,,,,,,,,,,,,Ovid Metamorphoses Part 3,,
,,,,,,,,,,,,,,,,,,,,,,,,,,,,Ovid Metamorphoses Part 4,,
,,,,,,,,,,,,,,,,,,,,,,,,,,,,Ovid Metamorphoses Part 5,,
,,,,,,,,,,,,,,,,,,,,,,,,,,,,Ovid Metamorphoses Part 6,,
,,,,,,,,,,,,,,,,,,,,,,,,,,,,Ovid Metamorphoses Part 7,,
,,,,,,,,,,,,,,,,,,,,,,,,,,,,Ovid Metamorphoses Part 8,,
,,,,,,,,,,,,,,,,,,,,,,,,,,,,Ovid Metamorphoses Part 9,,
,,,,,,,,,,,,,,,,,,,,,,,,,,,,Ovid Remedia Amoris,,
,,,,,,,,,,,,,,,,,,,,,,,,,,,,Ovid Tristia Part 1,,
,,,,,,,,,,,,,,,,,,,,,,,,,,,,Ovid Tristia Part 2,,
,,,,,,,,,,,,,,,,,,,,,,,,,,,,Ovid Tristia Part 3,,
,,,,,,,,,,,,,,,,,,,,,,,,,,,,Ovid Tristia Part 4,,
,,,,,,,,,,,,,,,,,,,,,,,,,,,,Ovid Tristia Part 5,,
,,,,,,,,,,,,,,,,,,,,,,,,,,,,Persius Satires,,
,,,,,,,,,,,,,,,,,,,,,,,,,,,,Petronius Satyricon,,
,,,,,,,,,,,,,,,,,,,,,,,,,,,,Phaedrus 1,,
,,,,,,,,,,,,,,,,,,,,,,,,,,,,Phaedrus 2,,
,,,,,,,,,,,,,,,,,,,,,,,,,,,,Phaedrus 3,,
,,,,,,,,,,,,,,,,,,,,,,,,,,,,Phaedrus 4,,
,,,,,,,,,,,,,,,,,,,,,,,,,,,,Phaedrus 5,,
,,,,,,,,,,,,,,,,,,,,,,,,,,,,Phaedrus Appendix,,
,,,,,,,,,,,,,,,,,,,,,,,,,,,,Plautus Amphitruo,,
,,,,,,,,,,,,,,,,,,,,,,,,,,,,Plautus Asinaria,,
,,,,,,,,,,,,,,,,,,,,,,,,,,,,Plautus Aulularia,,
,,,,,,,,,,,,,,,,,,,,,,,,,,,,Plautus Bacchides,,
,,,,,,,,,,,,,,,,,,,,,,,,,,,,Plautus Captivi,,
,,,,,,,,,,,,,,,,,,,,,,,,,,,,Plautus Casina,,
,,,,,,,,,,,,,,,,,,,,,,,,,,,,Plautus Cistellaria,,
,,,,,,,,,,,,,,,,,,,,,,,,,,,,Plautus Curculio,,
,,,,,,,,,,,,,,,,,,,,,,,,,,,,Plautus Epidicus,,
,,,,,,,,,,,,,,,,,,,,,,,,,,,,Plautus Menaechmi,,
,,,,,,,,,,,,,,,,,,,,,,,,,,,,Plautus Mercator,,
,,,,,,,,,,,,,,,,,,,,,,,,,,,,Plautus Miles Gloriosus,,
,,,,,,,,,,,,,,,,,,,,,,,,,,,,Plautus Mostellaria,,
,,,,,,,,,,,,,,,,,,,,,,,,,,,,Plautus Persa,,
,,,,,,,,,,,,,,,,,,,,,,,,,,,,Plautus Poenulus,,
,,,,,,,,,,,,,,,,,,,,,,,,,,,,Plautus Pseudolus,,
,,,,,,,,,,,,,,,,,,,,,,,,,,,,Plautus Rudens,,
,,,,,,,,,,,,,,,,,,,,,,,,,,,,Plautus Stichus,,
,,,,,,,,,,,,,,,,,,,,,,,,,,,,Plautus Trinummus,,
,,,,,,,,,,,,,,,,,,,,,,,,,,,,Plautus Truculentus,,
,,,,,,,,,,,,,,,,,,,,,,,,,,,,Pliny The Elder Naturalis Historia Part 1 Books 1-5,,
,,,,,,,,,,,,,,,,,,,,,,,,,,,,Pliny The Elder Naturalis Historia Part 2 Books 6-10,,
,,,,,,,,,,,,,,,,,,,,,,,,,,,,Pliny The Elder Naturalis Historia Part 3 Books 11-15,,
,,,,,,,,,,,,,,,,,,,,,,,,,,,,Pliny The Elder Naturalis Historia Part 4 Books 16-20,,
,,,,,,,,,,,,,,,,,,,,,,,,,,,,Pliny The Elder Naturalis Historia Part 5 Books 21-25,,
,,,,,,,,,,,,,,,,,,,,,,,,,,,,Pliny The Elder Naturalis Historia Part 6 Books 26-30,,
,,,,,,,,,,,,,,,,,,,,,,,,,,,,Pliny The Elder Naturalis Historia Part 7 Books 31-37,,
,,,,,,,,,,,,,,,,,,,,,,,,,,,,Pliny The Younger Letters Part 1,,
,,,,,,,,,,,,,,,,,,,,,,,,,,,,Pliny The Younger Letters Part 10,,
,,,,,,,,,,,,,,,,,,,,,,,,,,,,Pliny The Younger Letters Part 2,,
,,,,,,,,,,,,,,,,,,,,,,,,,,,,Pliny The Younger Letters Part 3,,
,,,,,,,,,,,,,,,,,,,,,,,,,,,,Pliny The Younger Letters Part 4,,
,,,,,,,,,,,,,,,,,,,,,,,,,,,,Pliny The Younger Letters Part 5,,
,,,,,,,,,,,,,,,,,,,,,,,,,,,,Pliny The Younger Letters Part 6,,
,,,,,,,,,,,,,,,,,,,,,,,,,,,,Pliny The Younger Letters Part 7,,
,,,,,,,,,,,,,,,,,,,,,,,,,,,,Pliny The Younger Letters Part 8,,
,,,,,,,,,,,,,,,,,,,,,,,,,,,,Pliny The Younger Letters Part 9,,
,,,,,,,,,,,,,,,,,,,,,,,,,,,,Propertius Elegies,,
,,,,,,,,,,,,,,,,,,,,,,,,,,,,Prudentius Apotheosis,,
,,,,,,,,,,,,,,,,,,,,,,,,,,,,Prudentius Contra Symmachum Part 1,,
,,,,,,,,,,,,,,,,,,,,,,,,,,,,Prudentius Contra Symmachum Part 2,,
,,,,,,,,,,,,,,,,,,,,,,,,,,,,Prudentius Dittochaeon,,
,,,,,,,,,,,,,,,,,,,,,,,,,,,,Prudentius Epilogus,,
,,,,,,,,,,,,,,,,,,,,,,,,,,,,Prudentius Hamartigenia,,
,,,,,,,,,,,,,,,,,,,,,,,,,,,,Prudentius Psychomachia,,
,,,,,,,,,,,,,,,,,,,,,,,,,,,,Pseudo Cicero In Sallustium,,
,,,,,,,,,,,,,,,,,,,,,,,,,,,,Pseudo Quintilian Major Declamations,,
,,,,,,,,,,,,,,,,,,,,,,,,,,,,Q Cicero On Running For Consul,,
,,,,,,,,,,,,,,,,,,,,,,,,,,,,Quintilian Institutio Oratoria Part 1,,
,,,,,,,,,,,,,,,,,,,,,,,,,,,,Quintilian Institutio Oratoria Part 10,,
,,,,,,,,,,,,,,,,,,,,,,,,,,,,Quintilian Institutio Oratoria Part 11,,
,,,,,,,,,,,,,,,,,,,,,,,,,,,,Quintilian Institutio Oratoria Part 12,,
,,,,,,,,,,,,,,,,,,,,,,,,,,,,Quintilian Institutio Oratoria Part 2,,
,,,,,,,,,,,,,,,,,,,,,,,,,,,,Quintilian Institutio Oratoria Part 3,,
,,,,,,,,,,,,,,,,,,,,,,,,,,,,Quintilian Institutio Oratoria Part 4,,
,,,,,,,,,,,,,,,,,,,,,,,,,,,,Quintilian Institutio Oratoria Part 5,,
,,,,,,,,,,,,,,,,,,,,,,,,,,,,Quintilian Institutio Oratoria Part 6,,
,,,,,,,,,,,,,,,,,,,,,,,,,,,,Quintilian Institutio Oratoria Part 7,,
,,,,,,,,,,,,,,,,,,,,,,,,,,,,Quintilian Institutio Oratoria Part 8,,
,,,,,,,,,,,,,,,,,,,,,,,,,,,,Quintilian Institutio Oratoria Part 9,,
,,,,,,,,,,,,,,,,,,,,,,,,,,,,Rutilius De Reditu,,
,,,,,,,,,,,,,,,,,,,,,,,,,,,,Sallust Catilina,,
,,,,,,,,,,,,,,,,,,,,,,,,,,,,Sallust Histories,,
,,,,,,,,,,,,,,,,,,,,,,,,,,,,Sallust Jugurtha,,
,,,,,,,,,,,,,,,,,,,,,,,,,,,,Scriptores Historiae Augustae Historia Augusta Part 1 Books 1-5,,
,,,,,,,,,,,,,,,,,,,,,,,,,,,,Scriptores Historiae Augustae Historia Augusta Part 2 Books 6-10,,
,,,,,,,,,,,,,,,,,,,,,,,,,,,,Scriptores Historiae Augustae Historia Augusta Part 3 Books 11-15,,
,,,,,,,,,,,,,,,,,,,,,,,,,,,,Scriptores Historiae Augustae Historia Augusta Part 4 Books 16-21,,
,,,,,,,,,,,,,,,,,,,,,,,,,,,,Seneca Ad Lucilium Epistulae Morales Part 1 1-10,,
,,,,,,,,,,,,,,,,,,,,,,,,,,,,Seneca Ad Lucilium Epistulae Morales Part 10 91-100,,
,,,,,,,,,,,,,,,,,,,,,,,,,,,,Seneca Ad Lucilium Epistulae Morales Part 11 101-110,,
,,,,,,,,,,,,,,,,,,,,,,,,,,,,Seneca Ad Lucilium Epistulae Morales Part 12 111-120,,
,,,,,,,,,,,,,,,,,,,,,,,,,,,,Seneca Ad Lucilium Epistulae Morales Part 13 121-124,,
,,,,,,,,,,,,,,,,,,,,,,,,,,,,Seneca Ad Lucilium Epistulae Morales Part 2 11-20,,
,,,,,,,,,,,,,,,,,,,,,,,,,,,,Seneca Ad Lucilium Epistulae Morales Part 3 21-30,,
,,,,,,,,,,,,,,,,,,,,,,,,,,,,Seneca Ad Lucilium Epistulae Morales Part 4 31-40,,
,,,,,,,,,,,,,,,,,,,,,,,,,,,,Seneca Ad Lucilium Epistulae Morales Part 5 41-50,,
,,,,,,,,,,,,,,,,,,,,,,,,,,,,Seneca Ad Lucilium Epistulae Morales Part 6 51-60,,
,,,,,,,,,,,,,,,,,,,,,,,,,,,,Seneca Ad Lucilium Epistulae Morales Part 7 61-70,,
,,,,,,,,,,,,,,,,,,,,,,,,,,,,Seneca Ad Lucilium Epistulae Morales Part 8 71-80,,
,,,,,,,,,,,,,,,,,,,,,,,,,,,,Seneca Ad Lucilium Epistulae Morales Part 9 81-90,,
,,,,,,,,,,,,,,,,,,,,,,,,,,,,Seneca Agamemnon,,
,,,,,,,,,,,,,,,,,,,,,,,,,,,,Seneca De Beneficiis Part 1,,
,,,,,,,,,,,,,,,,,,,,,,,,,,,,Seneca De Beneficiis Part 2,,
,,,,,,,,,,,,,,,,,,,,,,,,,,,,Seneca De Beneficiis Part 3,,
,,,,,,,,,,,,,,,,,,,,,,,,,,,,Seneca De Beneficiis Part 4,,
,,,,,,,,,,,,,,,,,,,,,,,,,,,,Seneca De Beneficiis Part 5,,
,,,,,,,,,,,,,,,,,,,,,,,,,,,,Seneca De Beneficiis Part 6,,
,,,,,,,,,,,,,,,,,,,,,,,,,,,,Seneca De Beneficiis Part 7,,
,,,,,,,,,,,,,,,,,,,,,,,,,,,,Seneca De Brevitate Vitae,,
,,,,,,,,,,,,,,,,,,,,,,,,,,,,Seneca De Clementia,,
,,,,,,,,,,,,,,,,,,,,,,,,,,,,Seneca De Consolatione Ad Helviam,,
,,,,,,,,,,,,,,,,,,,,,,,,,,,,Seneca De Consolatione Ad Marciam,,
,,,,,,,,,,,,,,,,,,,,,,,,,,,,Seneca De Consolatione Ad Polybium,,
,,,,,,,,,,,,,,,,,,,,,,,,,,,,Seneca De Constantia,,
,,,,,,,,,,,,,,,,,,,,,,,,,,,,Seneca De Ira,,
,,,,,,,,,,,,,,,,,,,,,,,,,,,,Seneca De Otio,,
,,,,,,,,,,,,,,,,,,,,,,,,,,,,Seneca De Providentia,,
,,,,,,,,,,,,,,,,,,,,,,,,,,,,Seneca De Tranquillitate Animi,,
,,,,,,,,,,,,,,,,,,,,,,,,,,,,Seneca De Vita Beata,,
,,,,,,,,,,,,,,,,,,,,,,,,,,,,Seneca Hercules Furens,,
,,,,,,,,,,,,,,,,,,,,,,,,,,,,Seneca Hercules Oetaeus,,
,,,,,,,,,,,,,,,,,,,,,,,,,,,,Seneca Medea,,
,,,,,,,,,,,,,,,,,,,,,,,,,,,,Seneca Octavia,,
,,,,,,,,,,,,,,,,,,,,,,,,,,,,Seneca Oedipus,,
,,,,,,,,,,,,,,,,,,,,,,,,,,,,Seneca Phaedra,,
,,,,,,,,,,,,,,,,,,,,,,,,,,,,Seneca Phoenissae,,
,,,,,,,,,,,,,,,,,,,,,,,,,,,,Seneca The Elder Controversiae Part 1,,
,,,,,,,,,,,,,,,,,,,,,,,,,,,,Seneca The Elder Controversiae Part 10,,
,,,,,,,,,,,,,,,,,,,,,,,,,,,,Seneca The Elder Controversiae Part 2,,
,,,,,,,,,,,,,,,,,,,,,,,,,,,,Seneca The Elder Controversiae Part 7,,
,,,,,,,,,,,,,,,,,,,,,,,,,,,,Seneca The Elder Controversiae Part 8,,
,,,,,,,,,,,,,,,,,,,,,,,,,,,,Seneca The Elder Excerpta Controversiae,,
,,,,,,,,,,,,,,,,,,,,,,,,,,,,Seneca The Elder Fragmenta,,
,,,,,,,,,,,,,,,,,,,,,,,,,,,,Seneca The Elder Suasoriae,,
,,,,,,,,,,,,,,,,,,,,,,,,,,,,Seneca Thyestes,,
,,,,,,,,,,,,,,,,,,,,,,,,,,,,Seneca Troades,,
,,,,,,,,,,,,,,,,,,,,,,,,,,,,Silius Italicus Punica Part 1,,
,,,,,,,,,,,,,,,,,,,,,,,,,,,,Silius Italicus Punica Part 10,,
,,,,,,,,,,,,,,,,,,,,,,,,,,,,Silius Italicus Punica Part 11,,
,,,,,,,,,,,,,,,,,,,,,,,,,,,,Silius Italicus Punica Part 12,,
,,,,,,,,,,,,,,,,,,,,,,,,,,,,Silius Italicus Punica Part 13,,
,,,,,,,,,,,,,,,,,,,,,,,,,,,,Silius Italicus Punica Part 14,,
,,,,,,,,,,,,,,,,,,,,,,,,,,,,Silius Italicus Punica Part 15,,
,,,,,,,,,,,,,,,,,,,,,,,,,,,,Silius Italicus Punica Part 16,,
,,,,,,,,,,,,,,,,,,,,,,,,,,,,Silius Italicus Punica Part 17,,
,,,,,,,,,,,,,,,,,,,,,,,,,,,,Silius Italicus Punica Part 2,,
,,,,,,,,,,,,,,,,,,,,,,,,,,,,Silius Italicus Punica Part 3,,
,,,,,,,,,,,,,,,,,,,,,,,,,,,,Silius Italicus Punica Part 4,,
,,,,,,,,,,,,,,,,,,,,,,,,,,,,Silius Italicus Punica Part 5,,
,,,,,,,,,,,,,,,,,,,,,,,,,,,,Silius Italicus Punica Part 6,,
,,,,,,,,,,,,,,,,,,,,,,,,,,,,Silius Italicus Punica Part 7,,
,,,,,,,,,,,,,,,,,,,,,,,,,,,,Silius Italicus Punica Part 8,,
,,,,,,,,,,,,,,,,,,,,,,,,,,,,Silius Italicus Punica Part 9,,
,,,,,,,,,,,,,,,,,,,,,,,,,,,,Statius Achilleid,,
,,,,,,,,,,,,,,,,,,,,,,,,,,,,Statius Silvae Part 1,,
,,,,,,,,,,,,,,,,,,,,,,,,,,,,Statius Silvae Part 2,,
,,,,,,,,,,,,,,,,,,,,,,,,,,,,Statius Silvae Part 3,,
,,,,,,,,,,,,,,,,,,,,,,,,,,,,Statius Silvae Part 4,,
,,,,,,,,,,,,,,,,,,,,,,,,,,,,Statius Silvae Part 5,,
,,,,,,,,,,,,,,,,,,,,,,,,,,,,Statius Thebaid Part 1,,
,,,,,,,,,,,,,,,,,,,,,,,,,,,,Statius Thebaid Part 10,,
,,,,,,,,,,,,,,,,,,,,,,,,,,,,Statius Thebaid Part 11,,
,,,,,,,,,,,,,,,,,,,,,,,,,,,,Statius Thebaid Part 12,,
,,,,,,,,,,,,,,,,,,,,,,,,,,,,Statius Thebaid Part 2,,
,,,,,,,,,,,,,,,,,,,,,,,,,,,,Statius Thebaid Part 3,,
,,,,,,,,,,,,,,,,,,,,,,,,,,,,Statius Thebaid Part 4,,
,,,,,,,,,,,,,,,,,,,,,,,,,,,,Statius Thebaid Part 5,,
,,,,,,,,,,,,,,,,,,,,,,,,,,,,Statius Thebaid Part 6,,
,,,,,,,,,,,,,,,,,,,,,,,,,,,,Statius Thebaid Part 7,,
,,,,,,,,,,,,,,,,,,,,,,,,,,,,Statius Thebaid Part 8,,
,,,,,,,,,,,,,,,,,,,,,,,,,,,,Statius Thebaid Part 9,,
,,,,,,,,,,,,,,,,,,,,,,,,,,,,Suetonius De Vita Caesarum Part 1 Julius,,
,,,,,,,,,,,,,,,,,,,,,,,,,,,,Suetonius De Vita Caesarum Part 10 Vespasian,,
,,,,,,,,,,,,,,,,,,,,,,,,,,,,Suetonius De Vita Caesarum Part 11 Titus,,
,,,,,,,,,,,,,,,,,,,,,,,,,,,,Suetonius De Vita Caesarum Part 12 Domitian,,
,,,,,,,,,,,,,,,,,,,,,,,,,,,,Suetonius De Vita Caesarum Part 2 Augustus,,
,,,,,,,,,,,,,,,,,,,,,,,,,,,,Suetonius De Vita Caesarum Part 3 Tiberius,,
,,,,,,,,,,,,,,,,,,,,,,,,,,,,Suetonius De Vita Caesarum Part 4 Caligula,,
,,,,,,,,,,,,,,,,,,,,,,,,,,,,Suetonius De Vita Caesarum Part 5 Claudius,,
,,,,,,,,,,,,,,,,,,,,,,,,,,,,Suetonius De Vita Caesarum Part 6 Nero,,
,,,,,,,,,,,,,,,,,,,,,,,,,,,,Suetonius De Vita Caesarum Part 7 Galba,,
,,,,,,,,,,,,,,,,,,,,,,,,,,,,Suetonius De Vita Caesarum Part 8 Otho,,
,,,,,,,,,,,,,,,,,,,,,,,,,,,,Suetonius De Vita Caesarum Part 9 Vitellius,,
,,,,,,,,,,,,,,,,,,,,,,,,,,,,Tacitus Agricola,,
,,,,,,,,,,,,,,,,,,,,,,,,,,,,Tacitus Annales Part 1,,
,,,,,,,,,,,,,,,,,,,,,,,,,,,,Tacitus Annales Part 11,,
,,,,,,,,,,,,,,,,,,,,,,,,,,,,Tacitus Annales Part 12,,
,,,,,,,,,,,,,,,,,,,,,,,,,,,,Tacitus Annales Part 13,,
,,,,,,,,,,,,,,,,,,,,,,,,,,,,Tacitus Annales Part 14,,
,,,,,,,,,,,,,,,,,,,,,,,,,,,,Tacitus Annales Part 15,,
,,,,,,,,,,,,,,,,,,,,,,,,,,,,Tacitus Annales Part 16,,
,,,,,,,,,,,,,,,,,,,,,,,,,,,,Tacitus Annales Part 2,,
,,,,,,,,,,,,,,,,,,,,,,,,,,,,Tacitus Annales Part 3,,
,,,,,,,,,,,,,,,,,,,,,,,,,,,,Tacitus Annales Part 4,,
,,,,,,,,,,,,,,,,,,,,,,,,,,,,Tacitus Annales Part 5,,
,,,,,,,,,,,,,,,,,,,,,,,,,,,,Tacitus Annales Part 6,,
,,,,,,,,,,,,,,,,,,,,,,,,,,,,Tacitus De Origine Et Situ Germanorum Liber,,
,,,,,,,,,,,,,,,,,,,,,,,,,,,,Tacitus Dialogus De Oratoribus,,
,,,,,,,,,,,,,,,,,,,,,,,,,,,,Tacitus Historiae Part 1,,
,,,,,,,,,,,,,,,,,,,,,,,,,,,,Tacitus Historiae Part 2,,
,,,,,,,,,,,,,,,,,,,,,,,,,,,,Tacitus Historiae Part 3,,
,,,,,,,,,,,,,,,,,,,,,,,,,,,,Tacitus Historiae Part 4,,
,,,,,,,,,,,,,,,,,,,,,,,,,,,,Tacitus Historiae Part 5,,
,,,,,,,,,,,,,,,,,,,,,,,,,,,,Terence Adelphi,,
,,,,,,,,,,,,,,,,,,,,,,,,,,,,Terence Andria,,
,,,,,,,,,,,,,,,,,,,,,,,,,,,,Terence Eunuchus,,
,,,,,,,,,,,,,,,,,,,,,,,,,,,,Terence Heautontimorumenos,,
,,,,,,,,,,,,,,,,,,,,,,,,,,,,Terence Hecyra,,
,,,,,,,,,,,,,,,,,,,,,,,,,,,,Terence Phormio,,
,,,,,,,,,,,,,,,,,,,,,,,,,,,,Tertullian Apologeticum,,
,,,,,,,,,,,,,,,,,,,,,,,,,,,,Tertullian De Spectaculis,,
,,,,,,,,,,,,,,,,,,,,,,,,,,,,Tibullus Elegies,,
,,,,,,,,,,,,,,,,,,,,,,,,,,,,Valerius Flaccus Argonautica Part 1,,
,,,,,,,,,,,,,,,,,,,,,,,,,,,,Valerius Flaccus Argonautica Part 2,,
,,,,,,,,,,,,,,,,,,,,,,,,,,,,Valerius Flaccus Argonautica Part 3,,
,,,,,,,,,,,,,,,,,,,,,,,,,,,,Valerius Flaccus Argonautica Part 4,,
,,,,,,,,,,,,,,,,,,,,,,,,,,,,Valerius Flaccus Argonautica Part 5,,
,,,,,,,,,,,,,,,,,,,,,,,,,,,,Valerius Flaccus Argonautica Part 6,,
,,,,,,,,,,,,,,,,,,,,,,,,,,,,Valerius Flaccus Argonautica Part 7,,
,,,,,,,,,,,,,,,,,,,,,,,,,,,,Valerius Flaccus Argonautica Part 8,,
,,,,,,,,,,,,,,,,,,,,,,,,,,,,Valerius Maximus Facta Et Dicta Memorabilia Part 1,,
,,,,,,,,,,,,,,,,,,,,,,,,,,,,Valerius Maximus Facta Et Dicta Memorabilia Part 2,,
,,,,,,,,,,,,,,,,,,,,,,,,,,,,Valerius Maximus Facta Et Dicta Memorabilia Part 3,,
,,,,,,,,,,,,,,,,,,,,,,,,,,,,Valerius Maximus Facta Et Dicta Memorabilia Part 4,,
,,,,,,,,,,,,,,,,,,,,,,,,,,,,Valerius Maximus Facta Et Dicta Memorabilia Part 5,,
,,,,,,,,,,,,,,,,,,,,,,,,,,,,Valerius Maximus Facta Et Dicta Memorabilia Part 6,,
,,,,,,,,,,,,,,,,,,,,,,,,,,,,Valerius Maximus Facta Et Dicta Memorabilia Part 7,,
,,,,,,,,,,,,,,,,,,,,,,,,,,,,Valerius Maximus Facta Et Dicta Memorabilia Part 8,,
,,,,,,,,,,,,,,,,,,,,,,,,,,,,Valerius Maximus Facta Et Dicta Memorabilia Part 9,,
,,,,,,,,,,,,,,,,,,,,,,,,,,,,Vergil Aeneid Part 1,,
,,,,,,,,,,,,,,,,,,,,,,,,,,,,Vergil Aeneid Part 10,,
,,,,,,,,,,,,,,,,,,,,,,,,,,,,Vergil Aeneid Part 11,,
,,,,,,,,,,,,,,,,,,,,,,,,,,,,Vergil Aeneid Part 12,,
,,,,,,,,,,,,,,,,,,,,,,,,,,,,Vergil Aeneid Part 2,,
,,,,,,,,,,,,,,,,,,,,,,,,,,,,Vergil Aeneid Part 3,,
,,,,,,,,,,,,,,,,,,,,,,,,,,,,Vergil Aeneid Part 4,,
,,,,,,,,,,,,,,,,,,,,,,,,,,,,Vergil Aeneid Part 5,,
,,,,,,,,,,,,,,,,,,,,,,,,,,,,Vergil Aeneid Part 6,,
,,,,,,,,,,,,,,,,,,,,,,,,,,,,Vergil Aeneid Part 7,,
,,,,,,,,,,,,,,,,,,,,,,,,,,,,Vergil Aeneid Part 8,,
,,,,,,,,,,,,,,,,,,,,,,,,,,,,Vergil Aeneid Part 9,,
,,,,,,,,,,,,,,,,,,,,,,,,,,,,Vergil Eclogues,,
,,,,,,,,,,,,,,,,,,,,,,,,,,,,Vergil Georgics Part 1,,
,,,,,,,,,,,,,,,,,,,,,,,,,,,,Vergil Georgics Part 2,,
,,,,,,,,,,,,,,,,,,,,,,,,,,,,Vergil Georgics Part 3,,
,,,,,,,,,,,,,,,,,,,,,,,,,,,,Vergil Georgics Part 4,,
,,,,,,,,,,,,,,,,,,,,,,,,,,,,Vitruvius De Architectura Part 1,,
,,,,,,,,,,,,,,,,,,,,,,,,,,,,Vitruvius De Architectura Part 10,,
,,,,,,,,,,,,,,,,,,,,,,,,,,,,Vitruvius De Architectura Part 2,,
,,,,,,,,,,,,,,,,,,,,,,,,,,,,Vitruvius De Architectura Part 3,,
,,,,,,,,,,,,,,,,,,,,,,,,,,,,Vitruvius De Architectura Part 4,,
,,,,,,,,,,,,,,,,,,,,,,,,,,,,Vitruvius De Architectura Part 5,,
,,,,,,,,,,,,,,,,,,,,,,,,,,,,Vitruvius De Architectura Part 6,,
,,,,,,,,,,,,,,,,,,,,,,,,,,,,Vitruvius De Architectura Part 7,,
,,,,,,,,,,,,,,,,,,,,,,,,,,,,Vitruvius De Architectura Part 8,,
,,,,,,,,,,,,,,,,,,,,,,,,,,,,Vitruvius De Architectura Part 9,,
