philosophy:philosophy,history_or_oratory_or_miscellaneous_or_letters_or_technical_treatise:history_or_oratory_or_miscellaneous_or_letters_or_technical_treatise
Textname,Genre
tesserae/texts/la/ammianus.rerum_gestarum/ammianus.rerum_gestarum.part.14.tess,history_or_oratory_or_miscellaneous_or_letters_or_technical_treatise
tesserae/texts/la/ammianus.rerum_gestarum/ammianus.rerum_gestarum.part.15.tess,history_or_oratory_or_miscellaneous_or_letters_or_technical_treatise
tesserae/texts/la/ammianus.rerum_gestarum/ammianus.rerum_gestarum.part.16.tess,history_or_oratory_or_miscellaneous_or_letters_or_technical_treatise
tesserae/texts/la/ammianus.rerum_gestarum/ammianus.rerum_gestarum.part.17.tess,history_or_oratory_or_miscellaneous_or_letters_or_technical_treatise
tesserae/texts/la/ammianus.rerum_gestarum/ammianus.rerum_gestarum.part.18.tess,history_or_oratory_or_miscellaneous_or_letters_or_technical_treatise
tesserae/texts/la/ammianus.rerum_gestarum/ammianus.rerum_gestarum.part.19.tess,history_or_oratory_or_miscellaneous_or_letters_or_technical_treatise
tesserae/texts/la/ammianus.rerum_gestarum/ammianus.rerum_gestarum.part.20.tess,history_or_oratory_or_miscellaneous_or_letters_or_technical_treatise
tesserae/texts/la/ammianus.rerum_gestarum/ammianus.rerum_gestarum.part.21.tess,history_or_oratory_or_miscellaneous_or_letters_or_technical_treatise
tesserae/texts/la/ammianus.rerum_gestarum/ammianus.rerum_gestarum.part.22.tess,history_or_oratory_or_miscellaneous_or_letters_or_technical_treatise
tesserae/texts/la/ammianus.rerum_gestarum/ammianus.rerum_gestarum.part.23.tess,history_or_oratory_or_miscellaneous_or_letters_or_technical_treatise
tesserae/texts/la/ammianus.rerum_gestarum/ammianus.rerum_gestarum.part.24.tess,history_or_oratory_or_miscellaneous_or_letters_or_technical_treatise
tesserae/texts/la/ammianus.rerum_gestarum/ammianus.rerum_gestarum.part.25.tess,history_or_oratory_or_miscellaneous_or_letters_or_technical_treatise
tesserae/texts/la/ammianus.rerum_gestarum/ammianus.rerum_gestarum.part.26.tess,history_or_oratory_or_miscellaneous_or_letters_or_technical_treatise
tesserae/texts/la/ammianus.rerum_gestarum/ammianus.rerum_gestarum.part.27.tess,history_or_oratory_or_miscellaneous_or_letters_or_technical_treatise
tesserae/texts/la/ammianus.rerum_gestarum/ammianus.rerum_gestarum.part.28.tess,history_or_oratory_or_miscellaneous_or_letters_or_technical_treatise
tesserae/texts/la/ammianus.rerum_gestarum/ammianus.rerum_gestarum.part.29.tess,history_or_oratory_or_miscellaneous_or_letters_or_technical_treatise
tesserae/texts/la/ammianus.rerum_gestarum/ammianus.rerum_gestarum.part.30.tess,history_or_oratory_or_miscellaneous_or_letters_or_technical_treatise
tesserae/texts/la/ammianus.rerum_gestarum/ammianus.rerum_gestarum.part.31.tess,history_or_oratory_or_miscellaneous_or_letters_or_technical_treatise
tesserae/texts/la/apuleius.apologia.tess,history_or_oratory_or_miscellaneous_or_letters_or_technical_treatise
tesserae/texts/la/apuleius.florida.tess,history_or_oratory_or_miscellaneous_or_letters_or_technical_treatise
tesserae/texts/la/apuleius.metamorphoses/apuleius.metamorphoses.part.1.tess,history_or_oratory_or_miscellaneous_or_letters_or_technical_treatise
tesserae/texts/la/apuleius.metamorphoses/apuleius.metamorphoses.part.10.tess,history_or_oratory_or_miscellaneous_or_letters_or_technical_treatise
tesserae/texts/la/apuleius.metamorphoses/apuleius.metamorphoses.part.11.tess,history_or_oratory_or_miscellaneous_or_letters_or_technical_treatise
tesserae/texts/la/apuleius.metamorphoses/apuleius.metamorphoses.part.2.tess,history_or_oratory_or_miscellaneous_or_letters_or_technical_treatise
tesserae/texts/la/apuleius.metamorphoses/apuleius.metamorphoses.part.3.tess,history_or_oratory_or_miscellaneous_or_letters_or_technical_treatise
tesserae/texts/la/apuleius.metamorphoses/apuleius.metamorphoses.part.4.tess,history_or_oratory_or_miscellaneous_or_letters_or_technical_treatise
tesserae/texts/la/apuleius.metamorphoses/apuleius.metamorphoses.part.5.tess,history_or_oratory_or_miscellaneous_or_letters_or_technical_treatise
tesserae/texts/la/apuleius.metamorphoses/apuleius.metamorphoses.part.6.tess,history_or_oratory_or_miscellaneous_or_letters_or_technical_treatise
tesserae/texts/la/apuleius.metamorphoses/apuleius.metamorphoses.part.7.tess,history_or_oratory_or_miscellaneous_or_letters_or_technical_treatise
tesserae/texts/la/apuleius.metamorphoses/apuleius.metamorphoses.part.8.tess,history_or_oratory_or_miscellaneous_or_letters_or_technical_treatise
tesserae/texts/la/apuleius.metamorphoses/apuleius.metamorphoses.part.9.tess,history_or_oratory_or_miscellaneous_or_letters_or_technical_treatise
tesserae/texts/la/augustine.epistulae_selections/augustine.epistulae_selections.part.1.1-10.tess,history_or_oratory_or_miscellaneous_or_letters_or_technical_treatise
tesserae/texts/la/augustine.epistulae_selections/augustine.epistulae_selections.part.2.11-20.tess,history_or_oratory_or_miscellaneous_or_letters_or_technical_treatise
tesserae/texts/la/augustine.epistulae_selections/augustine.epistulae_selections.part.3.21-30.tess,history_or_oratory_or_miscellaneous_or_letters_or_technical_treatise
tesserae/texts/la/augustine.epistulae_selections/augustine.epistulae_selections.part.4.31-40.tess,history_or_oratory_or_miscellaneous_or_letters_or_technical_treatise
tesserae/texts/la/augustine.epistulae_selections/augustine.epistulae_selections.part.5.41-50.tess,history_or_oratory_or_miscellaneous_or_letters_or_technical_treatise
tesserae/texts/la/augustine.epistulae_selections/augustine.epistulae_selections.part.6.51-62.tess,history_or_oratory_or_miscellaneous_or_letters_or_technical_treatise
tesserae/texts/la/caesar.de_bello_civili/caesar.de_bello_civili.part.1.tess,history_or_oratory_or_miscellaneous_or_letters_or_technical_treatise
tesserae/texts/la/caesar.de_bello_civili/caesar.de_bello_civili.part.2.tess,history_or_oratory_or_miscellaneous_or_letters_or_technical_treatise
tesserae/texts/la/caesar.de_bello_civili/caesar.de_bello_civili.part.3.tess,history_or_oratory_or_miscellaneous_or_letters_or_technical_treatise
tesserae/texts/la/caesar.de_bello_gallico/caesar.de_bello_gallico.part.1.tess,history_or_oratory_or_miscellaneous_or_letters_or_technical_treatise
tesserae/texts/la/caesar.de_bello_gallico/caesar.de_bello_gallico.part.2.tess,history_or_oratory_or_miscellaneous_or_letters_or_technical_treatise
tesserae/texts/la/caesar.de_bello_gallico/caesar.de_bello_gallico.part.3.tess,history_or_oratory_or_miscellaneous_or_letters_or_technical_treatise
tesserae/texts/la/caesar.de_bello_gallico/caesar.de_bello_gallico.part.4.tess,history_or_oratory_or_miscellaneous_or_letters_or_technical_treatise
tesserae/texts/la/caesar.de_bello_gallico/caesar.de_bello_gallico.part.5.tess,history_or_oratory_or_miscellaneous_or_letters_or_technical_treatise
tesserae/texts/la/caesar.de_bello_gallico/caesar.de_bello_gallico.part.6.tess,history_or_oratory_or_miscellaneous_or_letters_or_technical_treatise
tesserae/texts/la/caesar.de_bello_gallico/caesar.de_bello_gallico.part.7.tess,history_or_oratory_or_miscellaneous_or_letters_or_technical_treatise
tesserae/texts/la/caesar.de_bello_gallico/caesar.de_bello_gallico.part.8.tess,history_or_oratory_or_miscellaneous_or_letters_or_technical_treatise
tesserae/texts/la/caesar_augustus.res_gestae_divi_augusti.tess,history_or_oratory_or_miscellaneous_or_letters_or_technical_treatise
tesserae/texts/la/celsus.de_medicina/celsus.de_medicina.part.1.tess,history_or_oratory_or_miscellaneous_or_letters_or_technical_treatise
tesserae/texts/la/celsus.de_medicina/celsus.de_medicina.part.2.tess,history_or_oratory_or_miscellaneous_or_letters_or_technical_treatise
tesserae/texts/la/celsus.de_medicina/celsus.de_medicina.part.3.tess,history_or_oratory_or_miscellaneous_or_letters_or_technical_treatise
tesserae/texts/la/celsus.de_medicina/celsus.de_medicina.part.4.tess,history_or_oratory_or_miscellaneous_or_letters_or_technical_treatise
tesserae/texts/la/celsus.de_medicina/celsus.de_medicina.part.5.tess,history_or_oratory_or_miscellaneous_or_letters_or_technical_treatise
tesserae/texts/la/celsus.de_medicina/celsus.de_medicina.part.6.tess,history_or_oratory_or_miscellaneous_or_letters_or_technical_treatise
tesserae/texts/la/celsus.de_medicina/celsus.de_medicina.part.7.tess,history_or_oratory_or_miscellaneous_or_letters_or_technical_treatise
tesserae/texts/la/celsus.de_medicina/celsus.de_medicina.part.8.tess,history_or_oratory_or_miscellaneous_or_letters_or_technical_treatise
tesserae/texts/la/cicero.academica.tess,philosophy
tesserae/texts/la/cicero.brutus.tess,philosophy
tesserae/texts/la/cicero.cum_populo_gratias_egit.tess,history_or_oratory_or_miscellaneous_or_letters_or_technical_treatise
tesserae/texts/la/cicero.de_amicitia.tess,philosophy
tesserae/texts/la/cicero.de_divinatione.tess,philosophy
tesserae/texts/la/cicero.de_domo_sua.tess,history_or_oratory_or_miscellaneous_or_letters_or_technical_treatise
tesserae/texts/la/cicero.de_fato.tess,philosophy
tesserae/texts/la/cicero.de_finibus_bonorum_et_malorum/cicero.de_finibus_bonorum_et_malorum.part.1.tess,philosophy
tesserae/texts/la/cicero.de_finibus_bonorum_et_malorum/cicero.de_finibus_bonorum_et_malorum.part.2.tess,philosophy
tesserae/texts/la/cicero.de_finibus_bonorum_et_malorum/cicero.de_finibus_bonorum_et_malorum.part.3.tess,philosophy
tesserae/texts/la/cicero.de_finibus_bonorum_et_malorum/cicero.de_finibus_bonorum_et_malorum.part.4.tess,philosophy
tesserae/texts/la/cicero.de_finibus_bonorum_et_malorum/cicero.de_finibus_bonorum_et_malorum.part.5.tess,philosophy
tesserae/texts/la/cicero.de_haruspicum_responso.tess,philosophy
tesserae/texts/la/cicero.de_imperio_cn_pompei.tess,history_or_oratory_or_miscellaneous_or_letters_or_technical_treatise
tesserae/texts/la/cicero.de_inventione/cicero.de_inventione.part.1.tess,history_or_oratory_or_miscellaneous_or_letters_or_technical_treatise
tesserae/texts/la/cicero.de_inventione/cicero.de_inventione.part.2.tess,history_or_oratory_or_miscellaneous_or_letters_or_technical_treatise
tesserae/texts/la/cicero.de_lege_agraria_contra_rullum.tess,history_or_oratory_or_miscellaneous_or_letters_or_technical_treatise
tesserae/texts/la/cicero.de_natura_deorum/cicero.de_natura_deorum.part.1.tess,philosophy
tesserae/texts/la/cicero.de_natura_deorum/cicero.de_natura_deorum.part.2.tess,philosophy
tesserae/texts/la/cicero.de_natura_deorum/cicero.de_natura_deorum.part.3.tess,philosophy
tesserae/texts/la/cicero.de_officiis/cicero.de_officiis.part.1.tess,philosophy
tesserae/texts/la/cicero.de_officiis/cicero.de_officiis.part.2.tess,philosophy
tesserae/texts/la/cicero.de_officiis/cicero.de_officiis.part.3.tess,philosophy
tesserae/texts/la/cicero.de_optimo_genere_oratorum.tess,philosophy
tesserae/texts/la/cicero.de_oratore/cicero.de_oratore.part.1.tess,philosophy
tesserae/texts/la/cicero.de_oratore/cicero.de_oratore.part.2.tess,philosophy
tesserae/texts/la/cicero.de_oratore/cicero.de_oratore.part.3.tess,philosophy
tesserae/texts/la/cicero.de_partitione_oratoria.tess,history_or_oratory_or_miscellaneous_or_letters_or_technical_treatise
tesserae/texts/la/cicero.de_provinciis_consularibus.tess,history_or_oratory_or_miscellaneous_or_letters_or_technical_treatise
tesserae/texts/la/cicero.de_republica.tess,philosophy
tesserae/texts/la/cicero.de_senectute.tess,philosophy
tesserae/texts/la/cicero.divinatio_in_c_verrem/cicero.divinatio_in_c_verrem.part.1.tess,history_or_oratory_or_miscellaneous_or_letters_or_technical_treatise
tesserae/texts/la/cicero.divinatio_in_c_verrem/cicero.divinatio_in_c_verrem.part.2.tess,history_or_oratory_or_miscellaneous_or_letters_or_technical_treatise
tesserae/texts/la/cicero.divinatio_in_c_verrem/cicero.divinatio_in_c_verrem.part.3.tess,history_or_oratory_or_miscellaneous_or_letters_or_technical_treatise
tesserae/texts/la/cicero.divinatio_in_c_verrem/cicero.divinatio_in_c_verrem.part.4.tess,history_or_oratory_or_miscellaneous_or_letters_or_technical_treatise
tesserae/texts/la/cicero.divinatio_in_c_verrem/cicero.divinatio_in_c_verrem.part.5.tess,history_or_oratory_or_miscellaneous_or_letters_or_technical_treatise
tesserae/texts/la/cicero.divinatio_in_c_verrem/cicero.divinatio_in_c_verrem.part.6.tess,history_or_oratory_or_miscellaneous_or_letters_or_technical_treatise
tesserae/texts/la/cicero.divinatio_in_q_caecilium.tess,history_or_oratory_or_miscellaneous_or_letters_or_technical_treatise
tesserae/texts/la/cicero.epistulae_ad_familiares/cicero.epistulae_ad_familiares.part.1.ad_lentulum.tess,history_or_oratory_or_miscellaneous_or_letters_or_technical_treatise
tesserae/texts/la/cicero.epistulae_ad_familiares/cicero.epistulae_ad_familiares.part.10.ad_plancum_et_ceteros.tess,history_or_oratory_or_miscellaneous_or_letters_or_technical_treatise
tesserae/texts/la/cicero.epistulae_ad_familiares/cicero.epistulae_ad_familiares.part.11.at_brutum_et_ceteros.tess,history_or_oratory_or_miscellaneous_or_letters_or_technical_treatise
tesserae/texts/la/cicero.epistulae_ad_familiares/cicero.epistulae_ad_familiares.part.12.ad_cassium_et_ceteros.tess,history_or_oratory_or_miscellaneous_or_letters_or_technical_treatise
tesserae/texts/la/cicero.epistulae_ad_familiares/cicero.epistulae_ad_familiares.part.13.ad_memmium_et_ceteros.tess,history_or_oratory_or_miscellaneous_or_letters_or_technical_treatise
tesserae/texts/la/cicero.epistulae_ad_familiares/cicero.epistulae_ad_familiares.part.14.ad_terentiam_uxorem.tess,history_or_oratory_or_miscellaneous_or_letters_or_technical_treatise
tesserae/texts/la/cicero.epistulae_ad_familiares/cicero.epistulae_ad_familiares.part.15.ad_senatum_et_ceteros.tess,history_or_oratory_or_miscellaneous_or_letters_or_technical_treatise
tesserae/texts/la/cicero.epistulae_ad_familiares/cicero.epistulae_ad_familiares.part.16.ad_tironem.tess,history_or_oratory_or_miscellaneous_or_letters_or_technical_treatise
tesserae/texts/la/cicero.epistulae_ad_familiares/cicero.epistulae_ad_familiares.part.2.ad_curionem_et_ceteros.tess,history_or_oratory_or_miscellaneous_or_letters_or_technical_treatise
tesserae/texts/la/cicero.epistulae_ad_familiares/cicero.epistulae_ad_familiares.part.3.ad_claudium_pulchrum.tess,history_or_oratory_or_miscellaneous_or_letters_or_technical_treatise
tesserae/texts/la/cicero.epistulae_ad_familiares/cicero.epistulae_ad_familiares.part.4.ad_sulpicium_et_ceteros.tess,history_or_oratory_or_miscellaneous_or_letters_or_technical_treatise
tesserae/texts/la/cicero.epistulae_ad_familiares/cicero.epistulae_ad_familiares.part.5.ad_metellum_et_ceteros.tess,history_or_oratory_or_miscellaneous_or_letters_or_technical_treatise
tesserae/texts/la/cicero.epistulae_ad_familiares/cicero.epistulae_ad_familiares.part.6.ad_torquatum_et_ceteros.tess,history_or_oratory_or_miscellaneous_or_letters_or_technical_treatise
tesserae/texts/la/cicero.epistulae_ad_familiares/cicero.epistulae_ad_familiares.part.7.ad_marium_et_ceteros.tess,history_or_oratory_or_miscellaneous_or_letters_or_technical_treatise
tesserae/texts/la/cicero.epistulae_ad_familiares/cicero.epistulae_ad_familiares.part.8.caeli_epistulae_ad_ciceronem.tess,history_or_oratory_or_miscellaneous_or_letters_or_technical_treatise
tesserae/texts/la/cicero.epistulae_ad_familiares/cicero.epistulae_ad_familiares.part.9.ad_varronem_et_ceteros.tess,history_or_oratory_or_miscellaneous_or_letters_or_technical_treatise
tesserae/texts/la/cicero.in_catilinam.tess,history_or_oratory_or_miscellaneous_or_letters_or_technical_treatise
tesserae/texts/la/cicero.in_l_pisonem.tess,history_or_oratory_or_miscellaneous_or_letters_or_technical_treatise
tesserae/texts/la/cicero.in_vatinium.tess,history_or_oratory_or_miscellaneous_or_letters_or_technical_treatise
tesserae/texts/la/cicero.letters_to_atticus/cicero.letters_to_atticus.part.1.tess,history_or_oratory_or_miscellaneous_or_letters_or_technical_treatise
tesserae/texts/la/cicero.letters_to_atticus/cicero.letters_to_atticus.part.10.tess,history_or_oratory_or_miscellaneous_or_letters_or_technical_treatise
tesserae/texts/la/cicero.letters_to_atticus/cicero.letters_to_atticus.part.11.tess,history_or_oratory_or_miscellaneous_or_letters_or_technical_treatise
tesserae/texts/la/cicero.letters_to_atticus/cicero.letters_to_atticus.part.12.tess,history_or_oratory_or_miscellaneous_or_letters_or_technical_treatise
tesserae/texts/la/cicero.letters_to_atticus/cicero.letters_to_atticus.part.13.tess,history_or_oratory_or_miscellaneous_or_letters_or_technical_treatise
tesserae/texts/la/cicero.letters_to_atticus/cicero.letters_to_atticus.part.14.tess,history_or_oratory_or_miscellaneous_or_letters_or_technical_treatise
tesserae/texts/la/cicero.letters_to_atticus/cicero.letters_to_atticus.part.15.tess,history_or_oratory_or_miscellaneous_or_letters_or_technical_treatise
tesserae/texts/la/cicero.letters_to_atticus/cicero.letters_to_atticus.part.16.tess,history_or_oratory_or_miscellaneous_or_letters_or_technical_treatise
tesserae/texts/la/cicero.letters_to_atticus/cicero.letters_to_atticus.part.2.tess,history_or_oratory_or_miscellaneous_or_letters_or_technical_treatise
tesserae/texts/la/cicero.letters_to_atticus/cicero.letters_to_atticus.part.3.tess,history_or_oratory_or_miscellaneous_or_letters_or_technical_treatise
tesserae/texts/la/cicero.letters_to_atticus/cicero.letters_to_atticus.part.4.tess,history_or_oratory_or_miscellaneous_or_letters_or_technical_treatise
tesserae/texts/la/cicero.letters_to_atticus/cicero.letters_to_atticus.part.5.tess,history_or_oratory_or_miscellaneous_or_letters_or_technical_treatise
tesserae/texts/la/cicero.letters_to_atticus/cicero.letters_to_atticus.part.6.tess,history_or_oratory_or_miscellaneous_or_letters_or_technical_treatise
tesserae/texts/la/cicero.letters_to_atticus/cicero.letters_to_atticus.part.7.tess,history_or_oratory_or_miscellaneous_or_letters_or_technical_treatise
tesserae/texts/la/cicero.letters_to_atticus/cicero.letters_to_atticus.part.8.tess,history_or_oratory_or_miscellaneous_or_letters_or_technical_treatise
tesserae/texts/la/cicero.letters_to_atticus/cicero.letters_to_atticus.part.9.tess,history_or_oratory_or_miscellaneous_or_letters_or_technical_treatise
tesserae/texts/la/cicero.letters_to_brutus.tess,history_or_oratory_or_miscellaneous_or_letters_or_technical_treatise
tesserae/texts/la/cicero.letters_to_quintus.tess,history_or_oratory_or_miscellaneous_or_letters_or_technical_treatise
tesserae/texts/la/cicero.lucullus.tess,philosophy
tesserae/texts/la/cicero.orator.tess,philosophy
tesserae/texts/la/cicero.paradoxa_stoicorum_ad_m_brutum.tess,philosophy
tesserae/texts/la/cicero.philippicae/cicero.philippicae.part.1.tess,history_or_oratory_or_miscellaneous_or_letters_or_technical_treatise
tesserae/texts/la/cicero.philippicae/cicero.philippicae.part.10.tess,history_or_oratory_or_miscellaneous_or_letters_or_technical_treatise
tesserae/texts/la/cicero.philippicae/cicero.philippicae.part.11.tess,history_or_oratory_or_miscellaneous_or_letters_or_technical_treatise
tesserae/texts/la/cicero.philippicae/cicero.philippicae.part.12.tess,history_or_oratory_or_miscellaneous_or_letters_or_technical_treatise
tesserae/texts/la/cicero.philippicae/cicero.philippicae.part.13.tess,history_or_oratory_or_miscellaneous_or_letters_or_technical_treatise
tesserae/texts/la/cicero.philippicae/cicero.philippicae.part.14.tess,history_or_oratory_or_miscellaneous_or_letters_or_technical_treatise
tesserae/texts/la/cicero.philippicae/cicero.philippicae.part.2.tess,history_or_oratory_or_miscellaneous_or_letters_or_technical_treatise
tesserae/texts/la/cicero.philippicae/cicero.philippicae.part.3.tess,history_or_oratory_or_miscellaneous_or_letters_or_technical_treatise
tesserae/texts/la/cicero.philippicae/cicero.philippicae.part.4.tess,history_or_oratory_or_miscellaneous_or_letters_or_technical_treatise
tesserae/texts/la/cicero.philippicae/cicero.philippicae.part.5.tess,history_or_oratory_or_miscellaneous_or_letters_or_technical_treatise
tesserae/texts/la/cicero.philippicae/cicero.philippicae.part.6.tess,history_or_oratory_or_miscellaneous_or_letters_or_technical_treatise
tesserae/texts/la/cicero.philippicae/cicero.philippicae.part.7.tess,history_or_oratory_or_miscellaneous_or_letters_or_technical_treatise
tesserae/texts/la/cicero.philippicae/cicero.philippicae.part.8.tess,history_or_oratory_or_miscellaneous_or_letters_or_technical_treatise
tesserae/texts/la/cicero.philippicae/cicero.philippicae.part.9.tess,history_or_oratory_or_miscellaneous_or_letters_or_technical_treatise
tesserae/texts/la/cicero.post_reditum_in_senatu.tess,history_or_oratory_or_miscellaneous_or_letters_or_technical_treatise
tesserae/texts/la/cicero.pro_a_caecina.tess,history_or_oratory_or_miscellaneous_or_letters_or_technical_treatise
tesserae/texts/la/cicero.pro_a_cluentio.tess,history_or_oratory_or_miscellaneous_or_letters_or_technical_treatise
tesserae/texts/la/cicero.pro_archia.tess,history_or_oratory_or_miscellaneous_or_letters_or_technical_treatise
tesserae/texts/la/cicero.pro_balbo.tess,history_or_oratory_or_miscellaneous_or_letters_or_technical_treatise
tesserae/texts/la/cicero.pro_c_rabirio.tess,history_or_oratory_or_miscellaneous_or_letters_or_technical_treatise
tesserae/texts/la/cicero.pro_c_rabirio_postumo.tess,history_or_oratory_or_miscellaneous_or_letters_or_technical_treatise
tesserae/texts/la/cicero.pro_fonteio.tess,history_or_oratory_or_miscellaneous_or_letters_or_technical_treatise
tesserae/texts/la/cicero.pro_l_flacco.tess,history_or_oratory_or_miscellaneous_or_letters_or_technical_treatise
tesserae/texts/la/cicero.pro_ligario.tess,history_or_oratory_or_miscellaneous_or_letters_or_technical_treatise
tesserae/texts/la/cicero.pro_m_caelio.tess,history_or_oratory_or_miscellaneous_or_letters_or_technical_treatise
tesserae/texts/la/cicero.pro_marcello.tess,history_or_oratory_or_miscellaneous_or_letters_or_technical_treatise
tesserae/texts/la/cicero.pro_milone.tess,history_or_oratory_or_miscellaneous_or_letters_or_technical_treatise
tesserae/texts/la/cicero.pro_murena.tess,history_or_oratory_or_miscellaneous_or_letters_or_technical_treatise
tesserae/texts/la/cicero.pro_plancio.tess,history_or_oratory_or_miscellaneous_or_letters_or_technical_treatise
tesserae/texts/la/cicero.pro_publio_quinctio.tess,history_or_oratory_or_miscellaneous_or_letters_or_technical_treatise
tesserae/texts/la/cicero.pro_q_roscio_comoedo.tess,history_or_oratory_or_miscellaneous_or_letters_or_technical_treatise
tesserae/texts/la/cicero.pro_rege_deiotaro.tess,history_or_oratory_or_miscellaneous_or_letters_or_technical_treatise
tesserae/texts/la/cicero.pro_s_roscio.tess,history_or_oratory_or_miscellaneous_or_letters_or_technical_treatise
tesserae/texts/la/cicero.pro_scauro.tess,history_or_oratory_or_miscellaneous_or_letters_or_technical_treatise
tesserae/texts/la/cicero.pro_sestio.tess,history_or_oratory_or_miscellaneous_or_letters_or_technical_treatise
tesserae/texts/la/cicero.pro_sulla.tess,history_or_oratory_or_miscellaneous_or_letters_or_technical_treatise
tesserae/texts/la/cicero.pro_tullio.tess,history_or_oratory_or_miscellaneous_or_letters_or_technical_treatise
tesserae/texts/la/cicero.timaeus.tess,philosophy
tesserae/texts/la/cicero.topica.tess,philosophy
tesserae/texts/la/cicero.tusculanae_disputationes/cicero.tusculanae_disputationes.part.1.tess,philosophy
tesserae/texts/la/cicero.tusculanae_disputationes/cicero.tusculanae_disputationes.part.2.tess,philosophy
tesserae/texts/la/cicero.tusculanae_disputationes/cicero.tusculanae_disputationes.part.3.tess,philosophy
tesserae/texts/la/cicero.tusculanae_disputationes/cicero.tusculanae_disputationes.part.4.tess,philosophy
tesserae/texts/la/cicero.tusculanae_disputationes/cicero.tusculanae_disputationes.part.5.tess,philosophy
tesserae/texts/la/columella.de_re_rustica/columella.de_re_rustica.part.1.tess,history_or_oratory_or_miscellaneous_or_letters_or_technical_treatise
tesserae/texts/la/columella.de_re_rustica/columella.de_re_rustica.part.2.tess,history_or_oratory_or_miscellaneous_or_letters_or_technical_treatise
tesserae/texts/la/columella.de_re_rustica/columella.de_re_rustica.part.3.tess,history_or_oratory_or_miscellaneous_or_letters_or_technical_treatise
tesserae/texts/la/columella.de_re_rustica/columella.de_re_rustica.part.4.tess,history_or_oratory_or_miscellaneous_or_letters_or_technical_treatise
tesserae/texts/la/columella.de_re_rustica/columella.de_re_rustica.part.5.tess,history_or_oratory_or_miscellaneous_or_letters_or_technical_treatise
tesserae/texts/la/columella.de_re_rustica/columella.de_re_rustica.part.6.tess,history_or_oratory_or_miscellaneous_or_letters_or_technical_treatise
tesserae/texts/la/columella.de_re_rustica/columella.de_re_rustica.part.7.tess,history_or_oratory_or_miscellaneous_or_letters_or_technical_treatise
tesserae/texts/la/columella.de_re_rustica/columella.de_re_rustica.part.8.tess,history_or_oratory_or_miscellaneous_or_letters_or_technical_treatise
tesserae/texts/la/columella.de_re_rustica/columella.de_re_rustica.part.9.tess,history_or_oratory_or_miscellaneous_or_letters_or_technical_treatise
tesserae/texts/la/curtius_rufus.historiae_alexandri_magni/curtius_rufus.historiae_alexandri_magni.part.10.tess,history_or_oratory_or_miscellaneous_or_letters_or_technical_treatise
tesserae/texts/la/curtius_rufus.historiae_alexandri_magni/curtius_rufus.historiae_alexandri_magni.part.3.tess,history_or_oratory_or_miscellaneous_or_letters_or_technical_treatise
tesserae/texts/la/curtius_rufus.historiae_alexandri_magni/curtius_rufus.historiae_alexandri_magni.part.4.tess,history_or_oratory_or_miscellaneous_or_letters_or_technical_treatise
tesserae/texts/la/curtius_rufus.historiae_alexandri_magni/curtius_rufus.historiae_alexandri_magni.part.5.tess,history_or_oratory_or_miscellaneous_or_letters_or_technical_treatise
tesserae/texts/la/curtius_rufus.historiae_alexandri_magni/curtius_rufus.historiae_alexandri_magni.part.6.tess,history_or_oratory_or_miscellaneous_or_letters_or_technical_treatise
tesserae/texts/la/curtius_rufus.historiae_alexandri_magni/curtius_rufus.historiae_alexandri_magni.part.7.tess,history_or_oratory_or_miscellaneous_or_letters_or_technical_treatise
tesserae/texts/la/curtius_rufus.historiae_alexandri_magni/curtius_rufus.historiae_alexandri_magni.part.8.tess,history_or_oratory_or_miscellaneous_or_letters_or_technical_treatise
tesserae/texts/la/curtius_rufus.historiae_alexandri_magni/curtius_rufus.historiae_alexandri_magni.part.9.tess,history_or_oratory_or_miscellaneous_or_letters_or_technical_treatise
tesserae/texts/la/florus.epitome_bellorum_omnium_annorum.tess,history_or_oratory_or_miscellaneous_or_letters_or_technical_treatise
tesserae/texts/la/gellius.attic_nights/gellius.attic_nights.part.1.tess,history_or_oratory_or_miscellaneous_or_letters_or_technical_treatise
tesserae/texts/la/gellius.attic_nights/gellius.attic_nights.part.10.tess,history_or_oratory_or_miscellaneous_or_letters_or_technical_treatise
tesserae/texts/la/gellius.attic_nights/gellius.attic_nights.part.11.tess,history_or_oratory_or_miscellaneous_or_letters_or_technical_treatise
tesserae/texts/la/gellius.attic_nights/gellius.attic_nights.part.12.tess,history_or_oratory_or_miscellaneous_or_letters_or_technical_treatise
tesserae/texts/la/gellius.attic_nights/gellius.attic_nights.part.13.tess,history_or_oratory_or_miscellaneous_or_letters_or_technical_treatise
tesserae/texts/la/gellius.attic_nights/gellius.attic_nights.part.14.tess,history_or_oratory_or_miscellaneous_or_letters_or_technical_treatise
tesserae/texts/la/gellius.attic_nights/gellius.attic_nights.part.15.tess,history_or_oratory_or_miscellaneous_or_letters_or_technical_treatise
tesserae/texts/la/gellius.attic_nights/gellius.attic_nights.part.16.tess,history_or_oratory_or_miscellaneous_or_letters_or_technical_treatise
tesserae/texts/la/gellius.attic_nights/gellius.attic_nights.part.17.tess,history_or_oratory_or_miscellaneous_or_letters_or_technical_treatise
tesserae/texts/la/gellius.attic_nights/gellius.attic_nights.part.18.tess,history_or_oratory_or_miscellaneous_or_letters_or_technical_treatise
tesserae/texts/la/gellius.attic_nights/gellius.attic_nights.part.19.tess,history_or_oratory_or_miscellaneous_or_letters_or_technical_treatise
tesserae/texts/la/gellius.attic_nights/gellius.attic_nights.part.2.tess,history_or_oratory_or_miscellaneous_or_letters_or_technical_treatise
tesserae/texts/la/gellius.attic_nights/gellius.attic_nights.part.20.tess,history_or_oratory_or_miscellaneous_or_letters_or_technical_treatise
tesserae/texts/la/gellius.attic_nights/gellius.attic_nights.part.3.tess,history_or_oratory_or_miscellaneous_or_letters_or_technical_treatise
tesserae/texts/la/gellius.attic_nights/gellius.attic_nights.part.4.tess,history_or_oratory_or_miscellaneous_or_letters_or_technical_treatise
tesserae/texts/la/gellius.attic_nights/gellius.attic_nights.part.5.tess,history_or_oratory_or_miscellaneous_or_letters_or_technical_treatise
tesserae/texts/la/gellius.attic_nights/gellius.attic_nights.part.6.tess,history_or_oratory_or_miscellaneous_or_letters_or_technical_treatise
tesserae/texts/la/gellius.attic_nights/gellius.attic_nights.part.7.tess,history_or_oratory_or_miscellaneous_or_letters_or_technical_treatise
tesserae/texts/la/gellius.attic_nights/gellius.attic_nights.part.8.tess,history_or_oratory_or_miscellaneous_or_letters_or_technical_treatise
tesserae/texts/la/gellius.attic_nights/gellius.attic_nights.part.9.tess,history_or_oratory_or_miscellaneous_or_letters_or_technical_treatise
tesserae/texts/la/gellius.attic_nights/gellius.attic_nights.part.pr.tess,history_or_oratory_or_miscellaneous_or_letters_or_technical_treatise
tesserae/texts/la/livy.ab_urbe_condita/livy.ab_urbe_condita.part.1.books_1-10.tess,history_or_oratory_or_miscellaneous_or_letters_or_technical_treatise
tesserae/texts/la/livy.ab_urbe_condita/livy.ab_urbe_condita.part.3.books_31-40.tess,history_or_oratory_or_miscellaneous_or_letters_or_technical_treatise
tesserae/texts/la/livy.ab_urbe_condita/livy.ab_urbe_condita.part.4.books_41-45.tess,history_or_oratory_or_miscellaneous_or_letters_or_technical_treatise
tesserae/texts/la/marcus_mincuius_felix.octavius.tess,philosophy
tesserae/texts/la/nepos.vitae.tess,history_or_oratory_or_miscellaneous_or_letters_or_technical_treatise
tesserae/texts/la/petronius.satyricon.tess,history_or_oratory_or_miscellaneous_or_letters_or_technical_treatise
tesserae/texts/la/pliny_the_elder.naturalis_historia/pliny_the_elder.naturalis_historia.part.1.books_1-5.tess,history_or_oratory_or_miscellaneous_or_letters_or_technical_treatise
tesserae/texts/la/pliny_the_elder.naturalis_historia/pliny_the_elder.naturalis_historia.part.2.books_6-10.tess,history_or_oratory_or_miscellaneous_or_letters_or_technical_treatise
tesserae/texts/la/pliny_the_elder.naturalis_historia/pliny_the_elder.naturalis_historia.part.3.books_11-15.tess,history_or_oratory_or_miscellaneous_or_letters_or_technical_treatise
tesserae/texts/la/pliny_the_elder.naturalis_historia/pliny_the_elder.naturalis_historia.part.4.books_16-20.tess,history_or_oratory_or_miscellaneous_or_letters_or_technical_treatise
tesserae/texts/la/pliny_the_elder.naturalis_historia/pliny_the_elder.naturalis_historia.part.5.books_21-25.tess,history_or_oratory_or_miscellaneous_or_letters_or_technical_treatise
tesserae/texts/la/pliny_the_elder.naturalis_historia/pliny_the_elder.naturalis_historia.part.6.books_26-30.tess,history_or_oratory_or_miscellaneous_or_letters_or_technical_treatise
tesserae/texts/la/pliny_the_elder.naturalis_historia/pliny_the_elder.naturalis_historia.part.7.books_31-37.tess,history_or_oratory_or_miscellaneous_or_letters_or_technical_treatise
tesserae/texts/la/pliny_the_younger.letters/pliny_the_younger.letters.part.1.tess,history_or_oratory_or_miscellaneous_or_letters_or_technical_treatise
tesserae/texts/la/pliny_the_younger.letters/pliny_the_younger.letters.part.10.tess,history_or_oratory_or_miscellaneous_or_letters_or_technical_treatise
tesserae/texts/la/pliny_the_younger.letters/pliny_the_younger.letters.part.2.tess,history_or_oratory_or_miscellaneous_or_letters_or_technical_treatise
tesserae/texts/la/pliny_the_younger.letters/pliny_the_younger.letters.part.3.tess,history_or_oratory_or_miscellaneous_or_letters_or_technical_treatise
tesserae/texts/la/pliny_the_younger.letters/pliny_the_younger.letters.part.4.tess,history_or_oratory_or_miscellaneous_or_letters_or_technical_treatise
tesserae/texts/la/pliny_the_younger.letters/pliny_the_younger.letters.part.5.tess,history_or_oratory_or_miscellaneous_or_letters_or_technical_treatise
tesserae/texts/la/pliny_the_younger.letters/pliny_the_younger.letters.part.6.tess,history_or_oratory_or_miscellaneous_or_letters_or_technical_treatise
tesserae/texts/la/pliny_the_younger.letters/pliny_the_younger.letters.part.7.tess,history_or_oratory_or_miscellaneous_or_letters_or_technical_treatise
tesserae/texts/la/pliny_the_younger.letters/pliny_the_younger.letters.part.8.tess,history_or_oratory_or_miscellaneous_or_letters_or_technical_treatise
tesserae/texts/la/pliny_the_younger.letters/pliny_the_younger.letters.part.9.tess,history_or_oratory_or_miscellaneous_or_letters_or_technical_treatise
tesserae/texts/la/pseudo_cicero.in_sallustium.tess,history_or_oratory_or_miscellaneous_or_letters_or_technical_treatise
tesserae/texts/la/pseudo_quintilian.major_declamations.tess,history_or_oratory_or_miscellaneous_or_letters_or_technical_treatise
tesserae/texts/la/q_cicero.on_running_for_consul.tess,history_or_oratory_or_miscellaneous_or_letters_or_technical_treatise
tesserae/texts/la/quintilian.institutio_oratoria/quintilian.institutio_oratoria.part.1.tess,history_or_oratory_or_miscellaneous_or_letters_or_technical_treatise
tesserae/texts/la/quintilian.institutio_oratoria/quintilian.institutio_oratoria.part.10.tess,history_or_oratory_or_miscellaneous_or_letters_or_technical_treatise
tesserae/texts/la/quintilian.institutio_oratoria/quintilian.institutio_oratoria.part.11.tess,history_or_oratory_or_miscellaneous_or_letters_or_technical_treatise
tesserae/texts/la/quintilian.institutio_oratoria/quintilian.institutio_oratoria.part.12.tess,history_or_oratory_or_miscellaneous_or_letters_or_technical_treatise
tesserae/texts/la/quintilian.institutio_oratoria/quintilian.institutio_oratoria.part.2.tess,history_or_oratory_or_miscellaneous_or_letters_or_technical_treatise
tesserae/texts/la/quintilian.institutio_oratoria/quintilian.institutio_oratoria.part.3.tess,history_or_oratory_or_miscellaneous_or_letters_or_technical_treatise
tesserae/texts/la/quintilian.institutio_oratoria/quintilian.institutio_oratoria.part.4.tess,history_or_oratory_or_miscellaneous_or_letters_or_technical_treatise
tesserae/texts/la/quintilian.institutio_oratoria/quintilian.institutio_oratoria.part.5.tess,history_or_oratory_or_miscellaneous_or_letters_or_technical_treatise
tesserae/texts/la/quintilian.institutio_oratoria/quintilian.institutio_oratoria.part.6.tess,history_or_oratory_or_miscellaneous_or_letters_or_technical_treatise
tesserae/texts/la/quintilian.institutio_oratoria/quintilian.institutio_oratoria.part.7.tess,history_or_oratory_or_miscellaneous_or_letters_or_technical_treatise
tesserae/texts/la/quintilian.institutio_oratoria/quintilian.institutio_oratoria.part.8.tess,history_or_oratory_or_miscellaneous_or_letters_or_technical_treatise
tesserae/texts/la/quintilian.institutio_oratoria/quintilian.institutio_oratoria.part.9.tess,history_or_oratory_or_miscellaneous_or_letters_or_technical_treatise
tesserae/texts/la/sallust.catilina.tess,history_or_oratory_or_miscellaneous_or_letters_or_technical_treatise
tesserae/texts/la/sallust.histories.tess,history_or_oratory_or_miscellaneous_or_letters_or_technical_treatise
tesserae/texts/la/sallust.jugurtha.tess,history_or_oratory_or_miscellaneous_or_letters_or_technical_treatise
tesserae/texts/la/scriptores_historiae_augustae.historia_augusta/scriptores_historiae_augustae.historia_augusta.part.1.books_1-5.tess,history_or_oratory_or_miscellaneous_or_letters_or_technical_treatise
tesserae/texts/la/scriptores_historiae_augustae.historia_augusta/scriptores_historiae_augustae.historia_augusta.part.2.books_6-10.tess,history_or_oratory_or_miscellaneous_or_letters_or_technical_treatise
tesserae/texts/la/scriptores_historiae_augustae.historia_augusta/scriptores_historiae_augustae.historia_augusta.part.3.books_11-15.tess,history_or_oratory_or_miscellaneous_or_letters_or_technical_treatise
tesserae/texts/la/scriptores_historiae_augustae.historia_augusta/scriptores_historiae_augustae.historia_augusta.part.4.books_16-21.tess,history_or_oratory_or_miscellaneous_or_letters_or_technical_treatise
tesserae/texts/la/seneca.ad_lucilium_epistulae_morales/seneca.ad_lucilium_epistulae_morales.part.1.1-10.tess,history_or_oratory_or_miscellaneous_or_letters_or_technical_treatise
tesserae/texts/la/seneca.ad_lucilium_epistulae_morales/seneca.ad_lucilium_epistulae_morales.part.10.91-100.tess,history_or_oratory_or_miscellaneous_or_letters_or_technical_treatise
tesserae/texts/la/seneca.ad_lucilium_epistulae_morales/seneca.ad_lucilium_epistulae_morales.part.11.101-110.tess,history_or_oratory_or_miscellaneous_or_letters_or_technical_treatise
tesserae/texts/la/seneca.ad_lucilium_epistulae_morales/seneca.ad_lucilium_epistulae_morales.part.12.111-120.tess,history_or_oratory_or_miscellaneous_or_letters_or_technical_treatise
tesserae/texts/la/seneca.ad_lucilium_epistulae_morales/seneca.ad_lucilium_epistulae_morales.part.13.121-124.tess,history_or_oratory_or_miscellaneous_or_letters_or_technical_treatise
tesserae/texts/la/seneca.ad_lucilium_epistulae_morales/seneca.ad_lucilium_epistulae_morales.part.2.11-20.tess,history_or_oratory_or_miscellaneous_or_letters_or_technical_treatise
tesserae/texts/la/seneca.ad_lucilium_epistulae_morales/seneca.ad_lucilium_epistulae_morales.part.3.21-30.tess,history_or_oratory_or_miscellaneous_or_letters_or_technical_treatise
tesserae/texts/la/seneca.ad_lucilium_epistulae_morales/seneca.ad_lucilium_epistulae_morales.part.4.31-40.tess,history_or_oratory_or_miscellaneous_or_letters_or_technical_treatise
tesserae/texts/la/seneca.ad_lucilium_epistulae_morales/seneca.ad_lucilium_epistulae_morales.part.5.41-50.tess,history_or_oratory_or_miscellaneous_or_letters_or_technical_treatise
tesserae/texts/la/seneca.ad_lucilium_epistulae_morales/seneca.ad_lucilium_epistulae_morales.part.6.51-60.tess,history_or_oratory_or_miscellaneous_or_letters_or_technical_treatise
tesserae/texts/la/seneca.ad_lucilium_epistulae_morales/seneca.ad_lucilium_epistulae_morales.part.7.61-70.tess,history_or_oratory_or_miscellaneous_or_letters_or_technical_treatise
tesserae/texts/la/seneca.ad_lucilium_epistulae_morales/seneca.ad_lucilium_epistulae_morales.part.8.71-80.tess,history_or_oratory_or_miscellaneous_or_letters_or_technical_treatise
tesserae/texts/la/seneca.ad_lucilium_epistulae_morales/seneca.ad_lucilium_epistulae_morales.part.9.81-90.tess,history_or_oratory_or_miscellaneous_or_letters_or_technical_treatise
tesserae/texts/la/seneca.de_beneficiis/seneca.de_beneficiis.part.1.tess,philosophy
tesserae/texts/la/seneca.de_beneficiis/seneca.de_beneficiis.part.2.tess,philosophy
tesserae/texts/la/seneca.de_beneficiis/seneca.de_beneficiis.part.3.tess,philosophy
tesserae/texts/la/seneca.de_beneficiis/seneca.de_beneficiis.part.4.tess,philosophy
tesserae/texts/la/seneca.de_beneficiis/seneca.de_beneficiis.part.5.tess,philosophy
tesserae/texts/la/seneca.de_beneficiis/seneca.de_beneficiis.part.6.tess,philosophy
tesserae/texts/la/seneca.de_beneficiis/seneca.de_beneficiis.part.7.tess,philosophy
tesserae/texts/la/seneca.de_brevitate_vitae.tess,philosophy
tesserae/texts/la/seneca.de_clementia.tess,philosophy
tesserae/texts/la/seneca.de_consolatione_ad_helviam.tess,philosophy
tesserae/texts/la/seneca.de_consolatione_ad_marciam.tess,philosophy
tesserae/texts/la/seneca.de_consolatione_ad_polybium.tess,philosophy
tesserae/texts/la/seneca.de_constantia.tess,philosophy
tesserae/texts/la/seneca.de_ira.tess,philosophy
tesserae/texts/la/seneca.de_otio.tess,philosophy
tesserae/texts/la/seneca.de_providentia.tess,philosophy
tesserae/texts/la/seneca.de_tranquillitate_animi.tess,philosophy
tesserae/texts/la/seneca.de_vita_beata.tess,philosophy
tesserae/texts/la/seneca_the_elder.controversiae/seneca_the_elder.controversiae.part.1.tess,history_or_oratory_or_miscellaneous_or_letters_or_technical_treatise
tesserae/texts/la/seneca_the_elder.controversiae/seneca_the_elder.controversiae.part.10.tess,history_or_oratory_or_miscellaneous_or_letters_or_technical_treatise
tesserae/texts/la/seneca_the_elder.controversiae/seneca_the_elder.controversiae.part.2.tess,history_or_oratory_or_miscellaneous_or_letters_or_technical_treatise
tesserae/texts/la/seneca_the_elder.controversiae/seneca_the_elder.controversiae.part.7.tess,history_or_oratory_or_miscellaneous_or_letters_or_technical_treatise
tesserae/texts/la/seneca_the_elder.controversiae/seneca_the_elder.controversiae.part.8.tess,history_or_oratory_or_miscellaneous_or_letters_or_technical_treatise
tesserae/texts/la/seneca_the_elder.excerpta_controversiae.tess,history_or_oratory_or_miscellaneous_or_letters_or_technical_treatise
tesserae/texts/la/seneca_the_elder.fragmenta.tess,history_or_oratory_or_miscellaneous_or_letters_or_technical_treatise
tesserae/texts/la/seneca_the_elder.suasoriae.tess,history_or_oratory_or_miscellaneous_or_letters_or_technical_treatise
tesserae/texts/la/suetonius.de_vita_caesarum/suetonius.de_vita_caesarum.part.1.julius.tess,history_or_oratory_or_miscellaneous_or_letters_or_technical_treatise
tesserae/texts/la/suetonius.de_vita_caesarum/suetonius.de_vita_caesarum.part.10.vespasian.tess,history_or_oratory_or_miscellaneous_or_letters_or_technical_treatise
tesserae/texts/la/suetonius.de_vita_caesarum/suetonius.de_vita_caesarum.part.11.titus.tess,history_or_oratory_or_miscellaneous_or_letters_or_technical_treatise
tesserae/texts/la/suetonius.de_vita_caesarum/suetonius.de_vita_caesarum.part.12.domitian.tess,history_or_oratory_or_miscellaneous_or_letters_or_technical_treatise
tesserae/texts/la/suetonius.de_vita_caesarum/suetonius.de_vita_caesarum.part.2.augustus.tess,history_or_oratory_or_miscellaneous_or_letters_or_technical_treatise
tesserae/texts/la/suetonius.de_vita_caesarum/suetonius.de_vita_caesarum.part.3.tiberius.tess,history_or_oratory_or_miscellaneous_or_letters_or_technical_treatise
tesserae/texts/la/suetonius.de_vita_caesarum/suetonius.de_vita_caesarum.part.4.caligula.tess,history_or_oratory_or_miscellaneous_or_letters_or_technical_treatise
tesserae/texts/la/suetonius.de_vita_caesarum/suetonius.de_vita_caesarum.part.5.claudius.tess,history_or_oratory_or_miscellaneous_or_letters_or_technical_treatise
tesserae/texts/la/suetonius.de_vita_caesarum/suetonius.de_vita_caesarum.part.6.nero.tess,history_or_oratory_or_miscellaneous_or_letters_or_technical_treatise
tesserae/texts/la/suetonius.de_vita_caesarum/suetonius.de_vita_caesarum.part.7.galba.tess,history_or_oratory_or_miscellaneous_or_letters_or_technical_treatise
tesserae/texts/la/suetonius.de_vita_caesarum/suetonius.de_vita_caesarum.part.8.otho.tess,history_or_oratory_or_miscellaneous_or_letters_or_technical_treatise
tesserae/texts/la/suetonius.de_vita_caesarum/suetonius.de_vita_caesarum.part.9.vitellius.tess,history_or_oratory_or_miscellaneous_or_letters_or_technical_treatise
tesserae/texts/la/tacitus.agricola.tess,history_or_oratory_or_miscellaneous_or_letters_or_technical_treatise
tesserae/texts/la/tacitus.annales/tacitus.annales.part.1.tess,history_or_oratory_or_miscellaneous_or_letters_or_technical_treatise
tesserae/texts/la/tacitus.annales/tacitus.annales.part.11.tess,history_or_oratory_or_miscellaneous_or_letters_or_technical_treatise
tesserae/texts/la/tacitus.annales/tacitus.annales.part.12.tess,history_or_oratory_or_miscellaneous_or_letters_or_technical_treatise
tesserae/texts/la/tacitus.annales/tacitus.annales.part.13.tess,history_or_oratory_or_miscellaneous_or_letters_or_technical_treatise
tesserae/texts/la/tacitus.annales/tacitus.annales.part.14.tess,history_or_oratory_or_miscellaneous_or_letters_or_technical_treatise
tesserae/texts/la/tacitus.annales/tacitus.annales.part.15.tess,history_or_oratory_or_miscellaneous_or_letters_or_technical_treatise
tesserae/texts/la/tacitus.annales/tacitus.annales.part.16.tess,history_or_oratory_or_miscellaneous_or_letters_or_technical_treatise
tesserae/texts/la/tacitus.annales/tacitus.annales.part.2.tess,history_or_oratory_or_miscellaneous_or_letters_or_technical_treatise
tesserae/texts/la/tacitus.annales/tacitus.annales.part.3.tess,history_or_oratory_or_miscellaneous_or_letters_or_technical_treatise
tesserae/texts/la/tacitus.annales/tacitus.annales.part.4.tess,history_or_oratory_or_miscellaneous_or_letters_or_technical_treatise
tesserae/texts/la/tacitus.annales/tacitus.annales.part.5.tess,history_or_oratory_or_miscellaneous_or_letters_or_technical_treatise
tesserae/texts/la/tacitus.annales/tacitus.annales.part.6.tess,history_or_oratory_or_miscellaneous_or_letters_or_technical_treatise
tesserae/texts/la/tacitus.de_origine_et_situ_germanorum_liber.tess,history_or_oratory_or_miscellaneous_or_letters_or_technical_treatise
tesserae/texts/la/tacitus.dialogus_de_oratoribus.tess,philosophy
tesserae/texts/la/tacitus.historiae/tacitus.historiae.part.1.tess,history_or_oratory_or_miscellaneous_or_letters_or_technical_treatise
tesserae/texts/la/tacitus.historiae/tacitus.historiae.part.2.tess,history_or_oratory_or_miscellaneous_or_letters_or_technical_treatise
tesserae/texts/la/tacitus.historiae/tacitus.historiae.part.3.tess,history_or_oratory_or_miscellaneous_or_letters_or_technical_treatise
tesserae/texts/la/tacitus.historiae/tacitus.historiae.part.4.tess,history_or_oratory_or_miscellaneous_or_letters_or_technical_treatise
tesserae/texts/la/tacitus.historiae/tacitus.historiae.part.5.tess,history_or_oratory_or_miscellaneous_or_letters_or_technical_treatise
tesserae/texts/la/tertullian.apologeticum.tess,philosophy
tesserae/texts/la/tertullian.de_spectaculis.tess,philosophy
tesserae/texts/la/valerius_maximus.facta_et_dicta_memorabilia/valerius_maximus.facta_et_dicta_memorabilia.part.1.tess,history_or_oratory_or_miscellaneous_or_letters_or_technical_treatise
tesserae/texts/la/valerius_maximus.facta_et_dicta_memorabilia/valerius_maximus.facta_et_dicta_memorabilia.part.2.tess,history_or_oratory_or_miscellaneous_or_letters_or_technical_treatise
tesserae/texts/la/valerius_maximus.facta_et_dicta_memorabilia/valerius_maximus.facta_et_dicta_memorabilia.part.3.tess,history_or_oratory_or_miscellaneous_or_letters_or_technical_treatise
tesserae/texts/la/valerius_maximus.facta_et_dicta_memorabilia/valerius_maximus.facta_et_dicta_memorabilia.part.4.tess,history_or_oratory_or_miscellaneous_or_letters_or_technical_treatise
tesserae/texts/la/valerius_maximus.facta_et_dicta_memorabilia/valerius_maximus.facta_et_dicta_memorabilia.part.5.tess,history_or_oratory_or_miscellaneous_or_letters_or_technical_treatise
tesserae/texts/la/valerius_maximus.facta_et_dicta_memorabilia/valerius_maximus.facta_et_dicta_memorabilia.part.6.tess,history_or_oratory_or_miscellaneous_or_letters_or_technical_treatise
tesserae/texts/la/valerius_maximus.facta_et_dicta_memorabilia/valerius_maximus.facta_et_dicta_memorabilia.part.7.tess,history_or_oratory_or_miscellaneous_or_letters_or_technical_treatise
tesserae/texts/la/valerius_maximus.facta_et_dicta_memorabilia/valerius_maximus.facta_et_dicta_memorabilia.part.8.tess,history_or_oratory_or_miscellaneous_or_letters_or_technical_treatise
tesserae/texts/la/valerius_maximus.facta_et_dicta_memorabilia/valerius_maximus.facta_et_dicta_memorabilia.part.9.tess,history_or_oratory_or_miscellaneous_or_letters_or_technical_treatise
tesserae/texts/la/vitruvius.de_architectura/vitruvius.de_architectura.part.1.tess,history_or_oratory_or_miscellaneous_or_letters_or_technical_treatise
tesserae/texts/la/vitruvius.de_architectura/vitruvius.de_architectura.part.10.tess,history_or_oratory_or_miscellaneous_or_letters_or_technical_treatise
tesserae/texts/la/vitruvius.de_architectura/vitruvius.de_architectura.part.2.tess,history_or_oratory_or_miscellaneous_or_letters_or_technical_treatise
tesserae/texts/la/vitruvius.de_architectura/vitruvius.de_architectura.part.3.tess,history_or_oratory_or_miscellaneous_or_letters_or_technical_treatise
tesserae/texts/la/vitruvius.de_architectura/vitruvius.de_architectura.part.4.tess,history_or_oratory_or_miscellaneous_or_letters_or_technical_treatise
tesserae/texts/la/vitruvius.de_architectura/vitruvius.de_architectura.part.5.tess,history_or_oratory_or_miscellaneous_or_letters_or_technical_treatise
tesserae/texts/la/vitruvius.de_architectura/vitruvius.de_architectura.part.6.tess,history_or_oratory_or_miscellaneous_or_letters_or_technical_treatise
tesserae/texts/la/vitruvius.de_architectura/vitruvius.de_architectura.part.7.tess,history_or_oratory_or_miscellaneous_or_letters_or_technical_treatise
tesserae/texts/la/vitruvius.de_architectura/vitruvius.de_architectura.part.8.tess,history_or_oratory_or_miscellaneous_or_letters_or_technical_treatise
tesserae/texts/la/vitruvius.de_architectura/vitruvius.de_architectura.part.9.tess,history_or_oratory_or_miscellaneous_or_letters_or_technical_treatise
